USE motionmax;

INSERT INTO User (user_id, first_name, last_name, email, gender, role, height_ft, height_in, weight, date_of_birth, created_at, updated_at) 
  VALUES (1, 'Lisa', 'Smith', 'lisa.smith@example.com', 'female', 'trainer', 6, 0, 165.61, '1986-04-13', '2025-11-16 16:13:41', '2025-11-16 16:13:41');
INSERT INTO User (user_id, first_name, last_name, email, gender, role, height_ft, height_in, weight, date_of_birth, created_at, updated_at) 
  VALUES (2, 'Jesus', 'Hall', 'jesus.hall@example.com', 'male', 'trainer', 5, 1, 152.99, '1997-10-16', '2025-09-26 04:08:07', '2025-09-26 04:08:07');
INSERT INTO User (user_id, first_name, last_name, email, gender, role, height_ft, height_in, weight, date_of_birth, created_at, updated_at) 
  VALUES (3, 'Elizabeth', 'Sullivan', 'elizabeth.sullivan@example.com', 'female', 'trainer', 5, 4, 219.53, '1990-04-05', '2025-12-14 07:23:34', '2025-12-14 07:23:34');
INSERT INTO User (user_id, first_name, last_name, email, gender, role, height_ft, height_in, weight, date_of_birth, created_at, updated_at) 
  VALUES (4, 'Renee', 'Delacruz', 'renee.delacruz@example.com', 'other', 'trainer', 6, 11, 211.32, '1982-02-26', '2025-12-17 18:50:01', '2025-12-17 18:50:01');
INSERT INTO User (user_id, first_name, last_name, email, gender, role, height_ft, height_in, weight, date_of_birth, created_at, updated_at) 
  VALUES (5, 'Amber', 'Juarez', 'amber.juarez@example.com', 'other', 'trainer', 6, 0, 198.67, '1980-11-02', '2025-02-23 14:41:01', '2025-02-23 14:41:01');
INSERT INTO User (user_id, first_name, last_name, email, gender, role, height_ft, height_in, weight, date_of_birth, created_at, updated_at) 
  VALUES (6, 'Kimberly', 'Wood', 'kimberly.wood@example.com', 'female', 'trainer', 5, 11, 142.95, '1989-02-09', '2025-07-25 21:33:31', '2025-07-25 21:33:31');
INSERT INTO User (user_id, first_name, last_name, email, gender, role, height_ft, height_in, weight, date_of_birth, created_at, updated_at) 
  VALUES (7, 'Michael', 'Cruz', 'michael.cruz@example.com', 'female', 'trainer', 5, 3, 212.36, '1986-02-11', '2025-03-26 22:43:58', '2025-03-26 22:43:58');
INSERT INTO User (user_id, first_name, last_name, email, gender, role, height_ft, height_in, weight, date_of_birth, created_at, updated_at) 
  VALUES (8, 'Jenna', 'Moore', 'jenna.moore@example.com', 'male', 'trainer', 5, 9, 203.31, '1999-06-19', '2025-10-13 18:30:47', '2025-10-13 18:30:47');
INSERT INTO User (user_id, first_name, last_name, email, gender, role, height_ft, height_in, weight, date_of_birth, created_at, updated_at) 
  VALUES (9, 'John', 'Ward', 'john.ward@example.com', 'male', 'trainer', 5, 6, 208.5, '1998-10-26', '2025-02-09 11:19:57', '2025-02-09 11:19:57');
INSERT INTO User (user_id, first_name, last_name, email, gender, role, height_ft, height_in, weight, date_of_birth, created_at, updated_at) 
  VALUES (10, 'Matthew', 'Owen', 'matthew.owen@example.com', 'other', 'trainer', 5, 9, 224.26, '1996-11-24', '2025-10-02 14:13:25', '2025-10-02 14:13:25');
INSERT INTO User (user_id, first_name, last_name, email, gender, role, height_ft, height_in, weight, date_of_birth, created_at, updated_at) 
  VALUES (11, 'Kelly', 'Mercado', 'kelly.mercado@example.com', 'other', 'trainer', 5, 0, 181.3, '1985-03-30', '2025-03-14 18:51:09', '2025-03-14 18:51:09');
INSERT INTO User (user_id, first_name, last_name, email, gender, role, height_ft, height_in, weight, date_of_birth, created_at, updated_at) 
  VALUES (12, 'James', 'Phillips', 'james.phillips@example.com', 'male', 'trainer', 5, 0, 214.7, '1979-05-31', '2025-05-21 21:42:28', '2025-05-21 21:42:28');
INSERT INTO User (user_id, first_name, last_name, email, gender, role, height_ft, height_in, weight, date_of_birth, created_at, updated_at) 
  VALUES (13, 'John', 'Stephens', 'john.stephens@example.com', 'other', 'trainer', 6, 9, 174.71, '1975-03-24', '2025-06-24 13:54:04', '2025-06-24 13:54:04');
INSERT INTO User (user_id, first_name, last_name, email, gender, role, height_ft, height_in, weight, date_of_birth, created_at, updated_at) 
  VALUES (14, 'Michelle', 'Joseph', 'michelle.joseph@example.com', 'other', 'trainer', 5, 1, 197.95, '1999-11-21', '2025-10-13 12:12:34', '2025-10-13 12:12:34');
INSERT INTO User (user_id, first_name, last_name, email, gender, role, height_ft, height_in, weight, date_of_birth, created_at, updated_at) 
  VALUES (15, 'Rodney', 'Ramirez', 'rodney.ramirez@example.com', 'other', 'trainer', 5, 6, 146.11, '1977-02-11', '2025-05-16 17:45:34', '2025-05-16 17:45:34');
INSERT INTO User (user_id, first_name, last_name, email, gender, role, height_ft, height_in, weight, date_of_birth, created_at, updated_at) 
  VALUES (16, 'Antonio', 'Vincent', 'antonio.vincent@example.com', 'other', 'trainer', 6, 4, 158.23, '1984-04-14', '2025-05-27 20:14:58', '2025-05-27 20:14:58');
INSERT INTO User (user_id, first_name, last_name, email, gender, role, height_ft, height_in, weight, date_of_birth, created_at, updated_at) 
  VALUES (17, 'Tanner', 'Clay', 'tanner.clay@example.com', 'female', 'trainer', 5, 11, 177.0, '1976-02-22', '2025-06-12 02:28:44', '2025-06-12 02:28:44');
INSERT INTO User (user_id, first_name, last_name, email, gender, role, height_ft, height_in, weight, date_of_birth, created_at, updated_at) 
  VALUES (18, 'Faith', 'Barrett', 'faith.barrett@example.com', 'other', 'trainer', 5, 8, 183.14, '1991-08-30', '2025-11-26 14:34:30', '2025-11-26 14:34:30');
INSERT INTO User (user_id, first_name, last_name, email, gender, role, height_ft, height_in, weight, date_of_birth, created_at, updated_at) 
  VALUES (19, 'Steven', 'Park', 'steven.park@example.com', 'female', 'trainer', 6, 0, 146.58, '1995-09-02', '2025-02-03 12:12:00', '2025-02-03 12:12:00');
INSERT INTO User (user_id, first_name, last_name, email, gender, role, height_ft, height_in, weight, date_of_birth, created_at, updated_at) 
  VALUES (20, 'Jerry', 'Green', 'jerry.green@example.com', 'other', 'trainer', 6, 6, 212.15, '1976-10-19', '2025-11-27 01:40:16', '2025-11-27 01:40:16');
INSERT INTO User (user_id, first_name, last_name, email, gender, role, height_ft, height_in, weight, date_of_birth, created_at, updated_at) 
  VALUES (21, 'Jeffrey', 'Holt', 'jeffrey.holt@example.com', 'other', 'trainer', 5, 5, 149.82, '1997-12-20', '2025-07-21 05:35:43', '2025-07-21 05:35:43');
INSERT INTO User (user_id, first_name, last_name, email, gender, role, height_ft, height_in, weight, date_of_birth, created_at, updated_at) 
  VALUES (22, 'Diana', 'Davis', 'diana.davis@example.com', 'other', 'trainer', 6, 1, 212.27, '1990-06-10', '2025-04-13 15:04:31', '2025-04-13 15:04:31');
INSERT INTO User (user_id, first_name, last_name, email, gender, role, height_ft, height_in, weight, date_of_birth, created_at, updated_at) 
  VALUES (23, 'Glenn', 'Allen', 'glenn.allen@example.com', 'other', 'trainer', 6, 0, 205.84, '1999-07-04', '2025-05-22 07:02:26', '2025-05-22 07:02:26');
INSERT INTO User (user_id, first_name, last_name, email, gender, role, height_ft, height_in, weight, date_of_birth, created_at, updated_at) 
  VALUES (24, 'Dennis', 'Craig', 'dennis.craig@example.com', 'female', 'trainer', 6, 7, 195.84, '1990-03-10', '2025-03-04 14:45:29', '2025-03-04 14:45:29');
INSERT INTO User (user_id, first_name, last_name, email, gender, role, height_ft, height_in, weight, date_of_birth, created_at, updated_at) 
  VALUES (25, 'Christopher', 'Wilson', 'christopher.wilson@example.com', 'other', 'trainer', 6, 7, 137.13, '1990-10-31', '2025-10-24 02:41:32', '2025-10-24 02:41:32');

INSERT INTO User (user_id, first_name, last_name, email, gender, role, height_ft, height_in, weight, date_of_birth) VALUES
(26, 'Sam',   'Johnson',    'alice.johnson@example.com',   'female', 'client', 5, 6, 135.2, '1990-03-15'),
(27, 'Benjamin','Smith',      'ben.smith@example.com',        'male',   'client', 5, 10, 180.0, '1985-07-22'),
(28, 'Catherine','Lee',       'catherine.lee@example.com',    'female', 'client', 5, 4,  120.5, '1992-11-02'),
(29, 'David',   'Martinez',   'david.martinez@example.com',   'male',   'client', 6, 1,  200.3, '1988-06-30'),
(30, 'Elena',   'Davis',      'elena.davis@example.com',      'female', 'client', 5, 7,  145.8, '1995-01-19'),
(31, 'Frank',   'Garcia',     'frank.garcia@example.com',     'male',   'client', 5, 9,  175.4, '1983-09-05'),
(32, 'Grace',   'Rodriguez',  'grace.rodriguez@example.com',  'female', 'client', 5, 5,  130.0, '1991-12-11'),
(33, 'Henry',   'Wilson',     'henry.wilson@example.com',     'male',   'client', 6, 0,  190.6, '1986-04-28'),
(34, 'Isabella','Anderson',   'isabella.anderson@example.com','female', 'client', 5, 8,  150.2, '1993-08-17'),
(35, 'Jack',    'Thomas',     'jack.thomas@example.com',      'male',   'client', 5, 11, 185.9,'1989-02-09'),
(36, 'Karen',   'Taylor',     'karen.taylor@example.com',     'female', 'client', 5, 3,  118.7,'1994-05-23'),
(37, 'Liam',    'Moore',      'liam.moore@example.com',       'male',   'client', 5, 8,  172.1,'1990-10-14'),
(38, 'Mia',     'Jackson',    'mia.jackson@example.com',      'female', 'client', 5, 4,  125.0,'1996-07-01'),
(39, 'Noah',    'Martin',     'noah.martin@example.com',      'male',   'client', 6, 2,  198.3,'1987-11-26'),
(40, 'Olivia',  'Thompson',   'olivia.thompson@example.com',  'female', 'client', 5, 7,  142.5,'1992-03-08'),
(41, 'Patrick', 'White',      'patrick.white@example.com',     'male',   'client', 5, 10, 178.0,'1984-12-05'),
(42, 'Quinn',   'Harris',     'quinn.harris@example.com',      'other',  'client', 5, 6,  138.9,'1991-09-30'),
(43, 'Rachel',  'Martin',     'rachel.martin@example.com',     'female', 'client', 5, 5,  132.4,'1993-02-18'),
(44, 'Samuel',  'Thompson',   'samuel.thompson@example.com',   'male',   'client', 6, 0,  192.5,'1988-06-12'),
(45, 'Tina',    'Garcia',     'tina.garcia@example.com',       'female', 'client', 5, 4,  128.2,'1995-11-22'),
(46, 'Ulysses', 'Martinez',   'ulysses.martinez@example.com',  'male',   'client', 6, 1,  205.7,'1986-08-14'),
(47, 'Victoria','Robinson',   'victoria.robinson@example.com', 'female', 'client', 5, 8,  148.3,'1994-01-07'),
(48, 'William', 'Clark',      'william.clark@example.com',     'male',   'client', 5, 11,183.6,'1989-05-19'),
(49, 'Ximena',  'Rodriguez',  'ximena.rodriguez@example.com',  'female', 'client', 5, 6,  136.0,'1992-10-03'),
(50, 'Yusuf',   'Lewis',      'yusuf.lewis@example.com',       'male',   'client', 5, 9,  170.8,'1990-04-25');

INSERT INTO Circuit (
    user_id, created_by, name, description, circuit_type, difficulty, target_muscle, equipment_needed, scheduled_date
) VALUES
(26, 26, 'Full Body Blast',       'A high‑intensity circuit targeting all major muscle groups.',           'strength',        'intermediate', 'Full Body',    'Dumbbells, Kettlebell',      CURRENT_DATE),
(27, 27, 'Cardio Kickoff',        'Fast‑paced cardio circuit to get your heart rate up.',                  'cardiovascular',  'beginner',     'Heart & Lungs', 'Treadmill, Jump Rope',       '2025-05-02'),
(28, 28, 'Core Crusher',          'Focused core strength circuit for abs and lower back.',                 'strength',        'advanced',     'Core',         'Mat, Medicine Ball',         '2025-05-03'),
(29, 29, 'Leg Day Express',       'Quick leg‑focused circuit for quads, hamstrings, and glutes.',          'strength',        'intermediate', 'Legs',         'Barbell, Resistance Bands',  '2025-05-04'),
(30, 30, 'Upper Body Burn',       'Circuit targeting shoulders, chest, and arms.',                         'strength',        'intermediate', 'Upper Body',   'Dumbbells, TRX',             '2025-05-05'),
(31, 31, 'Yoga Flow',             'Flexibility circuit with a series of yoga poses.',                     'flexibility',     'beginner',     'Full Body',    'Yoga Mat',                   '2025-05-06'),
(32, 32, 'HIIT Challenge',        'High‑intensity interval circuit for maximum calorie burn.',             'cardiovascular',  'advanced',     'Full Body',    'Bodyweight, Timer',          '2025-05-07'),
(33, 33, 'Balance Booster',       'Circuit designed to improve balance and stability.',                   'balance',         'beginner',     'Core & Legs',  'Balance Board',             '2025-05-08'),
(34, 34, 'Back Strengthener',     'Focused on strengthening the back and posterior chain.',               'strength',        'intermediate', 'Back',         'Resistance Bands, Pull‑up Bar','2025-05-09'),
(35, 35, 'Plyometric Power',      'Explosive plyometric circuit for power development.',                  'strength',        'advanced',     'Legs',         'Box, Plyo Platform',         '2025-05-10'),
(36, 36, 'Flex & Flow',           'Combination of dynamic stretches and flowing movements.',               'flexibility',     'intermediate', 'Full Body',    'Mat, Strap',                 '2025-05-11'),
(37, 37, 'Tabata Torch',          '20s work, 10s rest Tabata style circuit across multiple exercises.',   'cardiovascular',  'advanced',     'Full Body',    'Bodyweight, Timer',          '2025-05-12'),
(38, 38, 'Glute Activation',      'Circuit to isolate and activate the glute muscles.',                   'strength',        'beginner',     'Glutes',       'Resistance Bands',           '2025-05-13'),
(39, 39, 'Arm Sculpt',            'Focused circuit for biceps, triceps, and forearms.',                  'strength',        'intermediate', 'Arms',         'Dumbbells, Cables',          '2025-05-14'),
(40, 40, 'Dynamic Stretch',       'Flexibility circuit with dynamic stretches for warm‑up.',              'flexibility',     'beginner',     'Full Body',    'None',                       '2025-05-15'),
(41, 41, 'Balance & Core',        'Combine balance drills with core stabilization exercises.',            'balance',         'intermediate', 'Core & Legs',  'Bosu Ball, Mat',             '2025-05-16'),
(42, 42, 'Speed & Agility',       'Circuit to improve quickness, footwork, and coordination.',            'cardiovascular',  'intermediate', 'Legs',         'Cones, Agility Ladder',      '2025-05-17'),
(43, 43, 'Chest & Back',          'Superset circuit alternating chest presses and rows.',                 'strength',        'intermediate', 'Chest & Back', 'Bench, Barbell',             '2025-05-18'),
(44, 44, 'Leg & Core Combo',      'Alternating leg and core exercises for metabolic boost.',              'strength',        'advanced',     'Legs & Core',  'Dumbbells, Mat',             '2025-05-19'),
(45, 45, 'Active Recovery',       'Low‑intensity flexibility circuit for muscle recovery.',               'flexibility',     'beginner',     'Full Body',    'Foam Roller, Mat',           '2025-05-20'),
(46, 46, 'Total Body Tabata',     'Tabata circuit covering upper, lower, and core in rapid succession.',   'cardiovascular',  'advanced',     'Full Body',    'Bodyweight, Timer',          '2025-05-21'),
(47, 47, 'Power Yoga',            'Yoga circuit focused on strength and flexibility in flowing sequence.', 'flexibility',     'intermediate', 'Full Body',    'Yoga Mat',                   '2025-05-22'),
(48, 48, 'Push‑Pull Power',        'Circuit alternating pushing and pulling movements.',                   'strength',        'advanced',     'Upper Body',   'Dumbbells, TRX',             '2025-05-23'),
(49, 49, 'Endurance Builder',      'Longer duration circuit for muscular and cardiovascular endurance.',   'cardiovascular',  'intermediate', 'Full Body',    'Rowing Machine, Bike',       '2025-05-24'),
(50, 50, 'Stability Circuit',     'Circuit focusing on joint stability and proprioception.',             'balance',         'advanced',     'Core & Shoulders','Balance Ball, Mat',         '2025-05-25');

INSERT INTO Circuit (
    user_id, created_by, name, description, circuit_type, difficulty, target_muscle, equipment_needed, scheduled_date
) VALUES
(26, 26, 'Sunrise Stretch & Flow',    'A gentle sequence of stretches to awaken the body.',           'flexibility',    'beginner',     'Full Body',       'Yoga Mat',            '2025-06-05'),
(29, 29, 'Midday MetCon',             'Metabolic conditioning circuit to torch calories.',           'cardiovascular', 'intermediate', 'Full Body',       'Kettlebell, Timer',   '2025-06-06'),
(31, 31, 'Back & Biceps Blast',       'Strength moves targeting back and biceps.',                   'strength',       'intermediate', 'Back & Biceps',   'Dumbbells, Pull‑up Bar','2025-06-07'),
(33, 33, 'Balance & Core Fusion',     'Combined balance drills with core stabilization exercises.',  'balance',        'intermediate', 'Core & Stability','Balance Board',        '2025-06-08'),
(35, 35, 'HIIT Hopper',               'High‑intensity interval jumps and sprints.',                  'cardiovascular', 'advanced',     'Legs & Cardio',   'Jump Rope, Cones',     '2025-06-09'),
(37, 37, 'Leg Day Dump',              'Heavy strength focus on quads, hamstrings, and glutes.',      'strength',       'advanced',     'Lower Body',      'Barbell, Plates',      '2025-06-10'),
(39, 39, 'Yoga Flow & Recover',       'Calming yoga sequence for flexibility and recovery.',         'flexibility',    'beginner',     'Full Body',       'Yoga Blocks, Mat',     '2025-06-11'),
(41, 41, 'Plyometric Power Round',    'Explosive plyo moves to build power and speed.',              'strength',       'advanced',     'Legs & Core',     'Plyo Box, Medicine Ball','2025-06-12'),
(43, 43, 'Stability Circuit',         'Low‑impact balance and stability exercises.',                 'balance',        'beginner',     'Lower Body',      'Bosu Ball, Mat',       '2025-06-13'),
(45, 45, 'Full‑Body Tabata III',      'Tabata intervals covering all major muscle groups.',         'cardiovascular', 'intermediate', 'Full Body',       'Bodyweight, Timer',    '2025-06-14');

INSERT INTO Circuit (
    user_id, created_by, name, description, circuit_type, difficulty, target_muscle, equipment_needed, scheduled_date
) VALUES
(26,  1,  'Morning Mobility Series',   'Dynamic stretches to improve joint mobility.',              'flexibility',    'beginner',     'Full Body',       'Yoga Mat',            '2025-06-15'),
(27,  2,  'Core Crusher',               'Intense core‑focused circuit with planks and leg raises.', 'strength',       'intermediate', 'Core',            'Exercise Mat',        '2025-06-16'),
(28,  3,  'Stairway to Cardio',         'Rapid stair climbs and step‑ups for heart health.',         'cardiovascular', 'beginner',     'Legs & Cardio',   'Staircase, Timer',    '2025-06-17'),
(29,  4,  'Hip‑Opener Flow',            'Gentle yoga for hip flexibility and relief.',              'flexibility',    'beginner',     'Hips & Glutes',   'Yoga Blocks',         '2025-06-18'),
(30,  5,  'Upper‑Body Burnout',         'Supersets for chest, shoulders, and triceps.',             'strength',       'advanced',     'Upper Body',      'Dumbbells, Bench',    '2025-06-19'),
(31,  6,  'Cardio Kickstart',           'Low‑impact cardio circuits for all levels.',               'cardiovascular', 'beginner',     'Full Body',       'No Equipment',        '2025-06-20'),
(32,  7,  'Balance Booster',            'Single‑leg and stability ball drills.',                    'balance',        'intermediate', 'Legs & Core',     'Stability Ball',      '2025-06-21'),
(33,  8,  'Glute Activation',           'Targeted glute bridges and kickbacks.',                    'strength',       'beginner',     'Glutes',          'Resistance Band',     '2025-06-22'),
(34,  9,  'Tabata Total Body',          'Tabata intervals hitting all major muscle groups.',       'cardiovascular', 'advanced',     'Full Body',       'Timer',               '2025-06-23'),
(35, 10,  'Shoulder Stability Circuit', 'Rotator cuff and stability drills.',                       'balance',        'intermediate', 'Shoulders',       'Theraband',           '2025-06-24'),
(36, 11,  'Pilates Core Flow',          'Pilates‑style core strengthening sequence.',               'flexibility',    'intermediate', 'Core',            'Pilates Mat',         '2025-06-25'),
(37, 12,  'Leg Day Lean‑Out',            'High‑rep leg strength moves.',                             'strength',       'intermediate', 'Lower Body',      'Barbell, Plates',     '2025-06-26'),
(38, 13,  'HIIT Express',               'Fast‑paced HIIT rounds with bodyweight.',                  'cardiovascular', 'advanced',     'Full Body',       'No Equipment',        '2025-06-27'),
(39, 14,  'Ankle & Knee Stability',     'Rehab‑inspired stability exercises.',                      'balance',        'beginner',     'Lower Body',      'Balance Pad',         '2025-06-28'),
(40, 15,  'Upper‑Back Release',         'Flexibility and foam‑rolling for the upper back.',         'flexibility',    'beginner',     'Upper Back',      'Foam Roller',         '2025-06-29'),
(41, 16,  'Power Push Circuit',         'Explosive push‑ups and shoulder presses.',                 'strength',       'advanced',     'Chest & Shoulders','Plyo Box, Dumbbells',  '2025-06-30'),
(42, 17,  'Endurance Run Prep',         'Circuit to build running stamina.',                        'cardiovascular', 'intermediate', 'Legs & Cardio',   'Track or Treadmill',   '2025-07-01'),
(43, 18,  'Dynamic Flex Flow',          'Moving stretches to enhance flexibility.',                 'flexibility',    'intermediate', 'Full Body',       'Yoga Mat',            '2025-07-02'),
(44, 19,  'Core & Balance Fusion',      'Core holds with balance challenges.',                      'balance',        'advanced',     'Core & Stability','Bosu Ball',           '2025-07-03'),
(45, 20,  'Glute & Hamstring Focus',    'Deadlifts and hamstring curls for posterior chain.',       'strength',       'intermediate', 'Glutes & Hamstrings','Leg Curl Machine',   '2025-07-04'),
(46, 21,  'Tabata Core Blast',          'Tabata‑style ab circuit.',                                 'cardiovascular', 'intermediate', 'Core',            'Timer',               '2025-07-05'),
(47, 22,  'Foam Roll & Release',        'Flexibility with foam rolling recovery.',                  'flexibility',    'beginner',     'Full Body',       'Foam Roller',         '2025-07-06'),
(48, 23,  'Plyo Lower‑Body Power',      'Jump squats and lunges for explosive lower‑body power.',   'strength',       'advanced',     'Legs',            'Plyo Box',            '2025-07-07'),
(49, 24,  'Cardio & Core Mix',          'Alternating cardio bursts and core moves.',                'cardiovascular', 'intermediate', 'Full Body',       'Jump Rope',           '2025-07-08'),
(50, 25,  'Evening Balance Flow',       'Balance drills to wind down the day.',                     'balance',        'beginner',     'Legs & Core',     'Bosu Ball',           '2025-07-09');

-- Circuits 1–25: One exercise each
INSERT INTO Exercise (circuit_id, name, description, exercise_type, difficulty, target_muscle, equipment_needed, video_url, personal_notes) VALUES
(1,  'Squat',               'Barbell back squat',              'strength',    'intermediate', 'quadriceps',    'barbell',   'https://www.youtube.com/watch?v=1uDiW5--rAE', 'Keep knees aligned'), 
(2,  'Bench Press',         'Barbell flat bench press',        'strength',    'intermediate', 'pectorals',     'barbell',   'https://www.youtube.com/watch?v=rT7DgCr-3pg', 'Pause at bottom'), 
(3,  'Deadlift',            'Conventional deadlift',           'strength',    'advanced',     'posterior chain','barbell',   'https://www.youtube.com/watch?v=op9kVnSso6Q', 'Maintain neutral spine'), 
(4,  'Overhead Press',      'Standing barbell press',          'strength',    'advanced',     'shoulders',     'barbell',   'https://www.youtube.com/watch?v=2yjwXTZQDDI', 'Drive through heels'), 
(5,  'Pull‑Up',             'Wide‑grip pull‑up',               'strength',    'advanced',     'lats',          'bodyweight','https://www.youtube.com/watch?v=eGo4IYlbE5g', 'Full range of motion'), 
(6,  'Push‑Up',             'Standard push‑up',                'strength',    'beginner',     'pectorals',     'bodyweight','https://www.youtube.com/watch?v=IODxDxX7oi4', 'Elbows at 45°'), 
(7,  'Barbell Row',         'Bent‑over barbell row',           'strength',    'intermediate', 'upper back',    'barbell',   'https://www.youtube.com/watch?v=YT1_9K8bXWI', 'Keep back flat'), 
(8,  'Lunge',               'Walking lunge',                   'strength',    'intermediate', 'quadriceps',    'bodyweight','https://www.youtube.com/watch?v=QOVaHwm-Q6U', 'Long stride'), 
(9,  'Plank',               'Forearm plank hold',              'flexibility', 'beginner',     'core',          'bodyweight','https://www.youtube.com/watch?v=pSHjTRCQxIw', 'Maintain straight line'), 
(10, 'Burpee',              'Full‑body burpee',                'cardiovascular','advanced',    'full body',     'bodyweight','https://www.youtube.com/watch?v=dZgVxmf6jkA', 'Explode upward'), 
(11, 'Mountain Climber',    'Alternating mountain climbers',   'cardiovascular','intermediate', 'core',          'bodyweight','https://www.youtube.com/watch?v=nmwgirgXLYM', 'Keep hips low'), 
(12, 'Jumping Jack',        'Classic jumping jacks',           'cardiovascular','beginner',     'full body',     'bodyweight','https://www.youtube.com/watch?v=c4DAnQ6DtF8', 'Land softly'), 
(13, 'High Knee',           'High knee runs in place',         'cardiovascular','beginner',     'hip flexors',   'bodyweight','https://www.youtube.com/watch?v=OAJ_J3EZkdY', 'Raise knees to waist'), 
(14, 'Box Jump',            'Plyometric box jumps',            'cardiovascular','advanced',    'quadriceps',    'box',       'https://www.youtube.com/watch?v=52r1wIYz7Zw', 'Soft landing'), 
(15, 'Leg Press',           'Machine leg press',               'strength',    'intermediate', 'quadriceps',    'machine',   'https://www.youtube.com/watch?v=IZxyjW7MPJQ', 'Do not lock knees'), 
(16, 'Leg Curl',            'Seated leg curl machine',         'strength',    'beginner',     'hamstrings',    'machine',   'https://www.youtube.com/watch?v=1Tq3QdYUuHs', 'Full contraction'), 
(17, 'Crunch',              'Floor crunches',                  'strength',    'beginner',     'abdominals',    'bodyweight','https://www.youtube.com/watch?v=Xyd_fa5zoEU', 'Neck neutral'), 
(18, 'Russian Twist',       'Seated Russian twists',           'strength',    'intermediate', 'obliques',      'medicine ball','https://www.youtube.com/watch?v=wkD8rjkodUI', 'Keep torso steady'), 
(19, 'Leg Raise',           'Hanging leg raises',              'strength',    'advanced',     'lower abdominals','pull‑up bar','https://www.youtube.com/watch?v=JB2oyaQ0b2Q','Avoid swinging'), 
(20, 'Back Extension',      'Hyperextension bench back extension','strength','intermediate','lower back','bench','https://www.youtube.com/watch?v=ph3pAFTbF7s','Squeeze glutes'), 
(21, 'Good‑Morning',        'Barbell good‑mornings',           'strength',    'advanced',     'hamstrings',    'barbell',   'https://www.youtube.com/watch?v=-qfRRhkYQ5I', 'Keep back rigid'), 
(22, 'Wall Sit',            'Isometric wall sit',              'strength',    'beginner',     'quadriceps',    'bodyweight','https://www.youtube.com/watch?v=y-wV4Venusw','Hold heels'), 
(23, 'Calf Raise',          'Standing calf raises',            'strength',    'beginner',     'calves',        'bodyweight','https://www.youtube.com/watch?v=-M4-G8p8fmc','Full range'), 
(24, 'Glute Bridge',        'Floor glute bridges',             'strength',    'beginner',     'glutes',        'bodyweight','https://www.youtube.com/watch?v=m2Zx‑V4Erc4','Drive through heels'), 
(25, 'Hip Thrust',          'Barbell hip thrusts',             'strength',    'intermediate', 'glutes',        'barbell',   'https://www.youtube.com/watch?v=LM8XHLYJoYs','Shoulders on bench');

-- Circuits 26–37: Two exercises each
INSERT INTO Exercise (circuit_id, name, description, exercise_type, difficulty, target_muscle, equipment_needed, video_url, personal_notes) VALUES
(26, 'Snatch',             'Olympic barbell snatch',           'strength', 'advanced', 'full body','barbell','https://www.youtube.com/watch?v=joq0czcMM6M','Explosive movement'),
(26, 'Clean and Jerk',     'Olympic clean and jerk',           'strength', 'advanced', 'full body','barbell','https://www.youtube.com/watch?v=2noi0VSaJqM','Split jerk'),
(27, 'Bicep Curl',         'Standing dumbbell curls',          'strength', 'beginner','biceps','dumbbells','https://www.youtube.com/watch?v=ykJmrZ5v0Oo','Controlled tempo'),
(27, 'Tricep Extension',   'Overhead dumbbell tricep extension','strength','intermediate','triceps','dumbbells','https://www.youtube.com/watch?v=nRiJVZDpdL0','Elbows close'),
(28, 'Chest Fly',          'Dumbbell chest fly',               'strength','intermediate','pectorals','dumbbells','https://www.youtube.com/watch?v=eozdVDA78K0','Slight bend in elbow'),
(28, 'Lat Pulldown',       'Machine lat pulldown',             'strength','beginner','lats','machine','https://www.youtube.com/watch?v=C5VgGZoaS3w','Lean back slightly'),
(29, 'Seated Row',         'Cable machine seated row',         'strength','beginner','upper back','machine','https://www.youtube.com/watch?v=GZbfZ033f74','Shoulders down'),
(29, 'Leg Extension',      'Machine leg extension',            'strength','beginner','quadriceps','machine','https://www.youtube.com/watch?v=YyvSfVjQeL0','Slow eccentric'),
(30, 'Standing Calf Raise', 'Machine standing calf raise',      'strength','beginner','calves','machine','https://www.youtube.com/watch?v=YMmgqO8Jo-k','Hold at top'),
(30, 'Seated Calf Raise',   'Machine seated calf raise',        'strength','intermediate','calves','machine','https://www.youtube.com/watch?v=AnECoEk8T9s','Full stretch'),
(31, 'Side Plank',          'Side plank hold',                   'flexibility','intermediate','obliques','bodyweight','https://www.youtube.com/watch?v=wqzrb67Dwf8','Keep hips stacked'),
(31, 'Superman',            'Prone back extension (Superman)',   'strength','beginner','lower back','bodyweight','https://www.youtube.com/watch?v=cc6UVRS7PW4','Lift arms & legs'),
(32, 'Butt Kick',           'High-speed butt kicks',             'cardiovascular','beginner','hamstrings','bodyweight','https://www.youtube.com/watch?v=nmwgirgXLYM','Pump heels'),
(32, 'Box Shuffle',         'Quick feet box shuffle',            'cardiovascular','intermediate','full body','box','https://www.youtube.com/watch?v=4WmsURzMlUc','Stay light'),
(33, 'Hamstring Stretch',   'Standing hamstring stretch',        'flexibility','beginner','hamstrings','bodyweight','https://www.youtube.com/watch?v=Z2w2viWqucQ','Keep leg straight'),
(33, 'Quad Stretch',        'Standing quad stretch',             'flexibility','beginner','quadriceps','bodyweight','https://www.youtube.com/watch?v=8Qv2-MK-4Yk','Pull heel to glute'),
(34, 'Shoulder Stretch',    'Cross-body shoulder stretch',       'flexibility','beginner','shoulders','bodyweight','https://www.youtube.com/watch?v=G-1ufxQ0E_U','Relax shoulder'),
(34, 'Chest Opener',        'Doorway chest stretch',             'flexibility','beginner','pectorals','bodyweight','https://www.youtube.com/watch?v=Zr0D2X0FpZI','Keep spine neutral'),
(35, 'Russian Kettlebell Swing','Kettlebell hip hinge swing',     'cardiovascular','intermediate','posterior chain','kettlebell','https://www.youtube.com/watch?v=YSxrtlMzByo','Hinge at hips'),
(35, 'Medicine Ball Slam',   'Overhead medicine ball slam',       'cardiovascular','intermediate','full body','medicine ball','https://www.youtube.com/watch?v=4gHD-DVt6tk','Engage core'),
(36, 'Jump Rope',           'Basic jump rope',                   'cardiovascular','beginner','full body','jump rope','https://www.youtube.com/watch?v=wJW5qns9G_c','Keep wrists loose'),
(36, 'Sprint',              'Short distance sprint',             'cardiovascular','advanced','quadriceps','bodyweight','https://www.youtube.com/watch?v=8gvwFKFcG_o','Full effort'),
(37, 'Triceps Dip',         'Bench dips',                        'strength','intermediate','triceps','bench','https://www.youtube.com/watch?v=0326dy_-CzM','Keep elbows back'),
(37, 'Inverted Row',        'Bodyweight inverted row',           'strength','intermediate','upper back','bar','https://www.youtube.com/watch?v=7sDubH271x0','Maintain straight body');

-- Circuit 38: One exercise
INSERT INTO Exercise (circuit_id, name, description, exercise_type, difficulty, target_muscle, equipment_needed, video_url, personal_notes) VALUES
(38, 'Bulgarian Split Squat', 'Rear-foot elevated split squat', 'strength', 'advanced', 'quadriceps','bodyweight','https://www.youtube.com/watch?v=2C-uNgKwPLE','Keep torso upright');




-- ExerciseSet inserts for 50 exercises (exercise_id 1–50), with NULLs replaced by 0
INSERT INTO ExerciseSet
  (exercise_id, weight, reps, duration_seconds, is_superset, rest_seconds, completed, set_order)
VALUES
  -- 1 Squat (intermediate strength)
  (1, 185.00, 8,    0,    FALSE, 90, FALSE, 1),
  (1, 185.00, 8,    0,    FALSE, 90, FALSE, 2),
  (1, 185.00, 8,    0,    FALSE, 90, FALSE, 3),

  -- 2 Bench Press (intermediate strength)
  (2, 135.00, 8,    0,    FALSE, 90, FALSE, 1),
  (2, 135.00, 8,    0,    FALSE, 90, FALSE, 2),
  (2, 135.00, 8,    0,    FALSE, 90, FALSE, 3),

  -- 3 Deadlift (advanced strength)
  (3, 225.00, 5,    0,    FALSE,120, FALSE, 1),
  (3, 225.00, 5,    0,    FALSE,120, FALSE, 2),
  (3, 225.00, 5,    0,    FALSE,120, FALSE, 3),

  -- 4 Overhead Press (advanced strength)
  (4,  95.00, 5,    0,    FALSE, 90, FALSE, 1),
  (4,  95.00, 5,    0,    FALSE, 90, FALSE, 2),
  (4,  95.00, 5,    0,    FALSE, 90, FALSE, 3),

  -- 5 Pull‑Up (advanced bodyweight)
  (5,   0.00, 8,    0,    FALSE, 60, FALSE, 1),
  (5,   0.00, 8,    0,    FALSE, 60, FALSE, 2),
  (5,   0.00, 8,    0,    FALSE, 60, FALSE, 3),

  -- 6 Push‑Up (beginner bodyweight)
  (6,   0.00,15,    0,    FALSE, 60, FALSE, 1),
  (6,   0.00,15,    0,    FALSE, 60, FALSE, 2),
  (6,   0.00,15,    0,    FALSE, 60, FALSE, 3),

  -- 7 Barbell Row (intermediate strength)
  (7,  95.00,10,    0,    FALSE, 90, FALSE, 1),
  (7,  95.00,10,    0,    FALSE, 90, FALSE, 2),
  (7,  95.00,10,    0,    FALSE, 90, FALSE, 3),

  -- 8 Lunge (intermediate bodyweight)
  (8,   0.00,12,    0,    FALSE, 60, FALSE, 1),
  (8,   0.00,12,    0,    FALSE, 60, FALSE, 2),
  (8,   0.00,12,    0,    FALSE, 60, FALSE, 3),

  -- 9 Plank (beginner flexibility)
  (9,   0.00, 0,   60,    FALSE, 30, FALSE, 1),
  (9,   0.00, 0,   60,    FALSE, 30, FALSE, 2),

  -- 10 Burpee (advanced cardio)
  (10,  0.00, 0,   30,    FALSE, 30, FALSE, 1),
  (10,  0.00, 0,   30,    FALSE, 30, FALSE, 2),
  (10,  0.00, 0,   30,    FALSE, 30, FALSE, 3),
  (10,  0.00, 0,   30,    FALSE, 30, FALSE, 4),

  -- 11 Mountain Climber (intermediate cardio)
  (11,  0.00, 0,   40,    FALSE, 30, FALSE, 1),
  (11,  0.00, 0,   40,    FALSE, 30, FALSE, 2),
  (11,  0.00, 0,   40,    FALSE, 30, FALSE, 3),

  -- 12 Jumping Jack (beginner cardio)
  (12,  0.00, 0,   30,    FALSE, 20, FALSE, 1),
  (12,  0.00, 0,   30,    FALSE, 20, FALSE, 2),

  -- 13 High Knee (beginner cardio)
  (13,  0.00, 0,   30,    FALSE, 20, FALSE, 1),
  (13,  0.00, 0,   30,    FALSE, 20, FALSE, 2),

  -- 14 Box Jump (advanced cardio)
  (14,  0.00,10,    0,    FALSE, 60, FALSE, 1),
  (14,  0.00,10,    0,    FALSE, 60, FALSE, 2),

  -- 15 Leg Press (intermediate strength)
  (15,180.00,12,    0,    FALSE, 90, FALSE, 1),
  (15,180.00,12,    0,    FALSE, 90, FALSE, 2),
  (15,180.00,12,    0,    FALSE, 90, FALSE, 3),

  -- 16 Leg Curl (beginner strength)
  (16, 50.00,12,    0,    FALSE, 60, FALSE, 1),
  (16, 50.00,12,    0,    FALSE, 60, FALSE, 2),
  (16, 50.00,12,    0,    FALSE, 60, FALSE, 3),

  -- 17 Crunch (beginner strength)
  (17,  0.00,20,    0,    FALSE, 45, FALSE, 1),
  (17,  0.00,20,    0,    FALSE, 45, FALSE, 2),
  (17,  0.00,20,    0,    FALSE, 45, FALSE, 3),

  -- 18 Russian Twist (intermediate strength)
  (18, 10.00,20,    0,    FALSE, 45, FALSE, 1),
  (18, 10.00,20,    0,    FALSE, 45, FALSE, 2),

  -- 19 Leg Raise (advanced strength)
  (19,  0.00,12,    0,    FALSE, 60, FALSE, 1),
  (19,  0.00,12,    0,    FALSE, 60, FALSE, 2),
  (19,  0.00,12,    0,    FALSE, 60, FALSE, 3),

  -- 20 Back Extension (intermediate strength)
  (20,  0.00,15,    0,    FALSE, 60, FALSE, 1),
  (20,  0.00,15,    0,    FALSE, 60, FALSE, 2),
  (20,  0.00,15,    0,    FALSE, 60, FALSE, 3),

  -- 21 Good‑Morning (advanced strength)
  (21, 95.00, 8,    0,    FALSE, 90, FALSE, 1),
  (21, 95.00, 8,    0,    FALSE, 90, FALSE, 2),
  (21, 95.00, 8,    0,    FALSE, 90, FALSE, 3),

  -- 22 Wall Sit (beginner strength)
  (22,  0.00, 0,   60,    FALSE, 30, FALSE, 1),
  (22,  0.00, 0,   60,    FALSE, 30, FALSE, 2),

  -- 23 Calf Raise (beginner strength)
  (23,  0.00,15,    0,    FALSE, 45, FALSE, 1),
  (23,  0.00,15,    0,    FALSE, 45, FALSE, 2),
  (23,  0.00,15,    0,    FALSE, 45, FALSE, 3),

  -- 24 Glute Bridge (beginner strength)
  (24,  0.00,15,    0,    FALSE, 60, FALSE, 1),
  (24,  0.00,15,    0,    FALSE, 60, FALSE, 2),

  -- 25 Hip Thrust (intermediate strength)
  (25,135.00,12,    0,    FALSE, 90, FALSE, 1),
  (25,135.00,12,    0,    FALSE, 90, FALSE, 2),
  (25,135.00,12,    0,    FALSE, 90, FALSE, 3),

  -- 26 Snatch (advanced strength)
  (26, 95.00, 5,    0,    FALSE,120, FALSE, 1),
  (26, 95.00, 5,    0,    FALSE,120, FALSE, 2),
  (26, 95.00, 5,    0,    FALSE,120, FALSE, 3),

  -- 27 Clean and Jerk (advanced strength)
  (27,135.00, 5,    0,    FALSE,120, FALSE, 1),
  (27,135.00, 5,    0,    FALSE,120, FALSE, 2),
  (27,135.00, 5,    0,    FALSE,120, FALSE, 3),

  -- 28 Bicep Curl (beginner strength)
  (28, 20.00,12,    0,    FALSE, 60, FALSE, 1),
  (28, 20.00,12,    0,    FALSE, 60, FALSE, 2),

  -- 29 Tricep Extension (intermediate strength)
  (29, 25.00,12,    0,    FALSE, 60, FALSE, 1),
  (29, 25.00,12,    0,    FALSE, 60, FALSE, 2),

  -- 30 Chest Fly (intermediate strength)
  (30, 30.00,12,    0,    FALSE, 60, FALSE, 1),
  (30, 30.00,12,    0,    FALSE, 60, FALSE, 2),

  -- 31 Lat Pulldown (beginner strength)
  (31, 60.00,12,    0,    FALSE, 60, FALSE, 1),
  (31, 60.00,12,    0,    FALSE, 60, FALSE, 2),

  -- 32 Seated Row (beginner strength)
  (32, 50.00,12,    0,    FALSE, 60, FALSE, 1),
  (32, 50.00,12,    0,    FALSE, 60, FALSE, 2),

  -- 33 Leg Extension (beginner strength)
  (33, 70.00,12,    0,    FALSE, 60, FALSE, 1),
  (33, 70.00,12,    0,    FALSE, 60, FALSE, 2),

  -- 34 Standing Calf Raise (beginner strength)
  (34,  0.00,15,    0,    FALSE, 45, FALSE, 1),
  (34,  0.00,15,    0,    FALSE, 45, FALSE, 2),

  -- 35 Seated Calf Raise (intermediate strength)
  (35, 25.00,15,    0,    FALSE, 45, FALSE, 1),
  (35, 25.00,15,    0,    FALSE, 45, FALSE, 2),

  -- 36 Side Plank (intermediate flexibility)
  (36,  0.00, 0,   45,    FALSE, 30, FALSE, 1),
  (36,  0.00, 0,   45,    FALSE, 30, FALSE, 2),

  -- 37 Superman (beginner strength)
  (37,  0.00,12,    0,    FALSE, 45, FALSE, 1),
  (37,  0.00,12,    0,    FALSE, 45, FALSE, 2),

  -- 38 Butt Kick (beginner cardio)
  (38,  0.00, 0,   30,    FALSE, 20, FALSE, 1),
  (38,  0.00, 0,   30,    FALSE, 20, FALSE, 2),

  -- 39 Box Shuffle (intermediate cardio)
  (39,  0.00, 0,   30,    FALSE, 20, FALSE, 1),
  (39,  0.00, 0,   30,    FALSE, 20, FALSE, 2),

  -- 40 Hamstring Stretch (beginner flexibility)
  (40,  0.00, 0,   60,    FALSE, 30, FALSE, 1),
  (40,  0.00, 0,   60,    FALSE, 30, FALSE, 2),

  -- 41 Quad Stretch (beginner flexibility)
  (41,  0.00, 0,   60,    FALSE, 30, FALSE, 1),
  (41,  0.00, 0,   60,    FALSE, 30, FALSE, 2),

  -- 42 Shoulder Stretch (beginner flexibility)
  (42,  0.00, 0,   45,    FALSE, 30, FALSE, 1),
  (42,  0.00, 0,   45,    FALSE, 30, FALSE, 2),

  -- 43 Chest Opener (beginner flexibility)
  (43,  0.00, 0,   45,    FALSE, 30, FALSE, 1),
  (43,  0.00, 0,   45,    FALSE, 30, FALSE, 2),

  -- 44 Russian Kettlebell Swing (intermediate cardio)
  (44, 35.00,15,    0,    FALSE, 45, FALSE, 1),
  (44, 35.00,15,    0,    FALSE, 45, FALSE, 2),

  -- 45 Medicine Ball Slam (intermediate cardio)
  (45, 10.00,15,    0,    FALSE, 45, FALSE, 1),
  (45, 10.00,15,    0,    FALSE, 45, FALSE, 2),

  -- 46 Jump Rope (beginner cardio)
  (46,  0.00, 0,   60,    FALSE, 30, FALSE, 1),
  (46,  0.00, 0,   60,    FALSE, 30, FALSE, 2),

  -- 47 Sprint (advanced cardio)
  (47,  0.00, 0,   30,    FALSE, 60, FALSE, 1),
  (47,  0.00, 0,   30,    FALSE, 60, FALSE, 2),

  -- 48 Triceps Dip (intermediate strength)
  (48,  0.00,12,    0,    FALSE, 60, FALSE, 1),
  (48,  0.00,12,    0,    FALSE, 60, FALSE, 2),

  -- 49 Inverted Row (intermediate strength)
  (49,  0.00,10,    0,    FALSE, 60, FALSE, 1),
  (49,  0.00,10,    0,    FALSE, 60, FALSE, 2),

  -- 50 Bulgarian Split Squat (advanced strength)
  (50,  0.00, 8,    0,    FALSE, 90, FALSE, 1),
  (50,  0.00, 8,    0,    FALSE, 90, FALSE, 2);








-- 50 sample WorkoutLog entries for users 26–50

INSERT INTO WorkoutLog (user_id, circuit_id, datetime_logged, duration, description, calories_burned) VALUES
  (26,  1, '2025-04-01 07:15:00',  45, 'Morning strength session – focused on legs and core', 350),
  (26,  5, '2025-04-03 18:30:00',  30, 'Quick full-body circuit', 280),
  (27,  2, '2025-04-02 12:00:00',  60, 'Upper-body hypertrophy day', 420),
  (27,  4, '2025-04-06 17:45:00',  50, 'Shoulder and back circuit', 390),
  (27, 10, '2025-04-08 09:00:00',  35, 'HIIT cardio blast', 400),
  (28,  3, '2025-04-01 19:00:00',  55, 'Deadlift and accessory lifts', 450),
  (28,  7, '2025-04-05 06:30:00',  40, 'Pull/kernel focus', 330),
  (29,  8, '2025-04-03 07:00:00',  30, 'Lower-body bodyweight only', 250),
  (29, 11, '2025-04-07 18:00:00',  25, 'Quick cardio warm‑up', 220),
  (30, 12, '2025-04-02 08:30:00',  20, 'Jump rope session', 200),
  (30, 15, '2025-04-04 17:00:00',  50, 'Leg press overload', 400),
  (31, 16, '2025-04-01 18:00:00',  45, 'Hamstring focus machine day', 360),
  (31, 17, '2025-04-06 07:15:00',  30, 'Core endurance', 240),
  (32,  9, '2025-04-02 19:30:00',  20, 'Flexibility and core', 180),
  (32, 20, '2025-04-05 09:00:00',  45, 'Back extension circuit', 310),
  (33, 13, '2025-04-03 06:45:00',  25, 'HIIT burpees & high knees', 350),
  (33, 14, '2025-04-07 18:15:00',  30, 'Plyometric jumps', 370),
  (34, 18, '2025-04-04 12:00:00',  35, 'Oblique & twist session', 280),
  (34, 19, '2025-04-08 17:30:00',  40, 'Advanced leg raises', 300),
  (35, 21, '2025-04-01 17:00:00',  50, 'Good‑morning heavy sets', 430),
  (35, 22, '2025-04-03 09:00:00',  15, 'Wall sit endurance', 150),
  (36, 23, '2025-04-02 18:50:00',  30, 'Calves and glutes', 260),
  (36, 24, '2025-04-06 07:30:00',  30, 'Glute bridge focus', 270),
  (37, 25, '2025-04-05 19:00:00',  45, 'Hip thrust volume day', 380),
  (37, 26, '2025-04-08 06:00:00',  60, 'Olympic lifting technique', 500),
  (38, 27, '2025-04-04 17:45:00',  55, 'Clean & jerk practice', 480),
  (38, 28, '2025-04-07 12:30:00',  30, 'Arm isolation day', 260),
  (39, 29, '2025-04-01 08:15:00',  35, 'Tricep extension circuit', 300),
  (39, 30, '2025-04-03 17:30:00',  40, 'Chest fly and press superset', 340),
  (40, 31, '2025-04-02 18:00:00',  45, 'Pulldown back day', 370),
  (40, 32, '2025-04-05 07:45:00',  35, 'Seated row strength', 320),
  (41, 33, '2025-04-04 19:15:00',  45, 'Quad extension day', 360),
  (41, 34, '2025-04-06 06:30:00',  20, 'Calf raises high rep', 200),
  (42, 35, '2025-04-03 17:00:00',  30, 'Seated calf raise focus', 280),
  (42, 36, '2025-04-07 09:00:00',  25, 'Side plank circuit', 220),
  (43, 37, '2025-04-01 18:30:00',  35, 'Lower‑back supermans', 310),
  (43, 38, '2025-04-05 08:45:00',  20, 'Butt kicks cardio', 250),
  (44, 39, '2025-04-02 19:00:00',  30, 'Box shuffle sprint combo', 330),
  (44, 40, '2025-04-06 07:15:00',  25, 'Hamstring stretch & mobility', 180),
  (45, 41, '2025-04-04 12:30:00',  25, 'Quad stretch cooldown', 160),
  (45, 42, '2025-04-08 17:00:00',  20, 'Shoulder stretch session', 170),
  (46, 43, '2025-04-01 09:15:00',  20, 'Chest opener mobility', 150),
  (46, 44, '2025-04-03 18:30:00',  30, 'Kettlebell swings & conditioning', 380),
  (47, 45, '2025-04-02 07:00:00',  30, 'Med ball slam cardio', 340),
  (47, 46, '2025-04-05 19:00:00',  25, 'Jump rope endurance', 280),
  (48, 47, '2025-04-04 17:30:00',  20, 'Sprint intervals', 360),
  (48, 48, '2025-04-08 08:00:00',  35, 'Dip & tricep circuit', 330),
  (49, 49, '2025-04-01 18:00:00',  40, 'Inverted row & back', 320),
  (49, 50, '2025-04-06 17:00:00',  45, 'Bulgarian split squat day', 400),
  (50,  1, '2025-04-03 07:30:00',  50, 'Full‑body morning blast', 450),
  (50,  5, '2025-04-07 18:15:00',  35, 'Pull‑up & core superset', 360);








  -- Revised FoodLog entries: user 26 still has 7 days, other users now have multiple logs

-- User 26: one entry per day for the past week
INSERT INTO FoodLog (user_id, meal_type, date_logged) VALUES
  (26, 'breakfast', '2025-04-10'),
  (26, 'lunch',     '2025-04-11'),
  (26, 'dinner',    '2025-04-12'),
  (26, 'snack',     '2025-04-13'),
  (26, 'other',     '2025-04-14'),
  (26, 'breakfast', '2025-04-15'),
  (26, 'lunch',     CURRENT_DATE);

-- Users 27–50: multiple logs each over the past week
INSERT INTO FoodLog (user_id, meal_type, date_logged) VALUES
  -- User 27: 3 entries
  (27, 'breakfast', '2025-04-14'),
  (27, 'lunch',     '2025-04-15'),
  (27, 'dinner',    '2025-04-16'),

  -- User 28: 2 entries
  (28, 'snack',     '2025-04-13'),
  (28, 'other',     '2025-04-16'),

  -- User 29: 4 entries
  (29, 'breakfast', '2025-04-12'),
  (29, 'lunch',     '2025-04-13'),
  (29, 'dinner',    '2025-04-14'),
  (29, 'snack',     '2025-04-16'),

  -- User 30: 2 entries
  (30, 'other',     '2025-04-15'),
  (30, 'breakfast', '2025-04-16'),

  -- User 31: 3 entries
  (31, 'lunch',     '2025-04-14'),
  (31, 'dinner',    '2025-04-15'),
  (31, 'snack',     '2025-04-16'),

  -- User 32: 2 entries
  (32, 'other',     '2025-04-13'),
  (32, 'breakfast', '2025-04-16'),

  -- User 33: 4 entries
  (33, 'breakfast', '2025-04-11'),
  (33, 'lunch',     '2025-04-12'),
  (33, 'dinner',    '2025-04-15'),
  (33, 'other',     '2025-04-16'),

  -- User 34: 2 entries
  (34, 'snack',     '2025-04-14'),
  (34, 'breakfast', '2025-04-16'),

  -- User 35: 3 entries
  (35, 'lunch',     '2025-04-13'),
  (35, 'dinner',    '2025-04-14'),
  (35, 'snack',     '2025-04-16'),

  -- User 36: 2 entries
  (36, 'other',     '2025-04-12'),
  (36, 'lunch',     '2025-04-16'),

  -- User 37: 3 entries
  (37, 'breakfast', '2025-04-14'),
  (37, 'dinner',    '2025-04-15'),
  (37, 'other',     '2025-04-16'),

  -- User 38: 2 entries
  (38, 'snack',     '2025-04-13'),
  (38, 'breakfast', '2025-04-16'),

  -- User 39: 4 entries
  (39, 'breakfast', '2025-04-10'),
  (39, 'lunch',     '2025-04-12'),
  (39, 'dinner',    '2025-04-15'),
  (39, 'snack',     '2025-04-16'),

  -- User 40: 2 entries
  (40, 'other',     '2025-04-14'),
  (40, 'dinner',    '2025-04-16'),

  -- User 41: 3 entries
  (41, 'breakfast', '2025-04-13'),
  (41, 'lunch',     '2025-04-15'),
  (41, 'other',     '2025-04-16'),

  -- User 42: 2 entries
  (42, 'snack',     '2025-04-11'),
  (42, 'breakfast', '2025-04-16'),

  -- User 43: 3 entries
  (43, 'lunch',     '2025-04-12'),
  (43, 'dinner',    '2025-04-14'),
  (43, 'snack',     '2025-04-16'),

  -- User 44: 2 entries
  (44, 'other',     '2025-04-13'),
  (44, 'lunch',     '2025-04-16'),

  -- User 45: 4 entries
  (45, 'breakfast', '2025-04-10'),
  (45, 'snack',     '2025-04-13'),
  (45, 'dinner',    '2025-04-15'),
  (45, 'other',     '2025-04-16'),

  -- User 46: 2 entries
  (46, 'lunch',     '2025-04-14'),
  (46, 'breakfast', '2025-04-16'),

  -- User 47: 3 entries
  (47, 'dinner',    '2025-04-12'),
  (47, 'snack',     '2025-04-14'),
  (47, 'other',     '2025-04-16'),

  -- User 48: 2 entries
  (48, 'breakfast', '2025-04-15'),
  (48, 'lunch',     '2025-04-16'),

  -- User 49: 3 entries
  (49, 'dinner',    '2025-04-13'),
  (49, 'other',     '2025-04-15'),
  (49, 'snack',     '2025-04-16'),

  -- User 50: 2 entries
  (50, 'breakfast', '2025-04-14'),
  (50, 'dinner',    '2025-04-16');






INSERT INTO FoodItem (name, calories, protein, carbs, fats) VALUES
  ('Apple, medium (182g)',           95,   0.47, 25.13, 0.31),
  ('Banana, medium (118g)',         105,   1.29, 26.95, 0.39),
  ('Orange, medium (131g)',          62,   1.23, 15.39, 0.16),
  ('Strawberries, 1 cup (152g)',     49,   1.02, 11.67, 0.46),
  ('Blueberries, 1 cup (148g)',      84,   1.11, 21.45, 0.49),
  ('Grapes, 1 cup (151g)',           104,  1.09, 27.30, 0.19),
  ('Watermelon, 1 cup (152g)',       46,   0.92, 11.55, 0.23),
  ('Avocado, medium (150g)',         240,  3.00, 12.80, 22.00),
  ('Broccoli, 1 cup chopped (91g)',  31,   2.57, 6.04, 0.34),
  ('Carrots, 1 cup chopped (128g)',  52,   1.19, 12.30, 0.31),

  ('Spinach, 1 cup (30g)',           7,    0.86, 1.09, 0.12),
  ('Kale, 1 cup chopped (67g)',      33,   2.21, 6.70, 0.59),
  ('Sweet potato, medium (130g)',   112,   2.00, 26.00, 0.07),
  ('White potato, medium (173g)',   161,   4.33, 36.60, 0.20),
  ('Brown rice, cooked 1 cup (195g)',216,   5.00, 44.80, 1.80),
  ('Quinoa, cooked 1 cup (185g)',   222,   8.14, 39.41, 3.55),
  ('Oatmeal, cooked 1 cup (234g)',  166,   5.94, 28.05, 3.56),
  ('Whole wheat bread, slice (28g)',69,    3.60, 11.84, 1.11),
  ('White bread, slice (25g)',      66,    2.00, 12.10, 1.00),
  ('Almonds, 1 oz (28g)',           164,   6.00, 6.10, 14.20),

  ('Peanut butter, 2 tbsp (32g)',   188,   7.04, 6.67, 16.12),
  ('Egg, large (50g)',               72,   6.28, 0.36, 4.75),
  ('Greek yogurt, plain 1 cup (245g)',100, 17.30, 6.10, 0.70),
  ('Milk, whole 1 cup (244g)',      149,   7.69, 11.71, 7.93),
  ('Milk, skim 1 cup (245g)',        83,   8.30, 12.24, 0.20),
  ('Cheddar cheese, 1 oz (28g)',    115,   7.00, 0.36, 9.40),
  ('Mozzarella cheese, 1 oz (28g)', 85,    6.28, 0.56, 6.32),
  ('Chicken breast, cooked 3 oz (85g)',128,26.00, 0.00, 2.70),
  ('Ground beef 90% lean, 3 oz (85g)',170,22.00, 0.00, 9.00),
  ('Salmon, cooked 3 oz (85g)',     175,  19.84,  0.00, 10.50),

  ('Tuna canned in water 3 oz (85g)',110,24.00, 0.00, 1.00),
  ('Shrimp, cooked 3 oz (85g)',      84,  20.40, 0.20, 0.90),
  ('Tofu, firm 3 oz (85g)',          70,   8.00, 1.90, 4.20),
  ('Black beans, cooked 1 cup (172g)',227,15.24, 40.80, 0.90),
  ('Lentils, cooked 1 cup (198g)',  230,  17.90, 39.90, 0.80),
  ('Chickpeas, cooked 1 cup (164g)',269,14.53, 44.88, 4.25),
  ('Almond milk, unsweetened 1 cup',30,    1.00, 1.00, 2.50),
  ('Orange juice, 1 cup (248g)',   112,   1.70, 25.80, 0.50),
  ('Coffee, black 1 cup (240g)',    2,     0.30, 0.00, 0.00),
  ('Tea, black 1 cup (240g)',        2,     0.20, 0.00, 0.00),

  ('Granola bar, 1 bar (45g)',      190,   4.00, 28.00, 7.00),
  ('Protein bar, 1 bar (60g)',      210,  20.00, 23.00, 7.00),
  ('Chocolate chip cookie, 1 (16g)',78,    0.93, 10.00, 4.00),
  ('Potato chips, 1 oz (28g)',      152,   2.00, 15.00, 10.00),
  ('Pretzels, 1 oz (28g)',           108,   2.50, 23.00, 1.25),
  ('Popcorn, air-popped 3 cups',    93,    3.00, 18.60, 1.10),
  ('Ice cream, vanilla 1/2 cup (66g)',137, 2.30, 16.00, 7.30),
  ('Dark chocolate 70% cocoa 1 oz (28g)',170,2.20, 13.00, 12.00),
  ('Pizza, cheese slice 1/8 large (107g)',285,12.00, 30.00, 12.00),

  ('Hamburger, plain 1 patty (80g)',213,17.00, 0.00, 15.00),
  ('Hot dog, beef 1 link (45g)',    151,   5.00,  2.00, 13.00),
  ('Soda, cola 12 oz (355ml)',      140,   0.00, 39.00, 0.00),
  ('Beer, regular 12 oz (355ml)',   153,   1.60, 13.00, 0.00),
  ('Wine, red 5 oz (148ml)',        125,   0.10,  4.00, 0.10),
  ('Almond flour, 1/4 cup (28g)',   160,   6.00,  6.00, 14.00),
  ('Chia seeds, 1 oz (28g)',        137,   4.40, 12.30, 8.60),
  ('Olive oil, 1 tbsp (14g)',      119,    0.00, 0.00, 13.50),
  ('Butter, salted 1 tbsp (14g)',  102,    0.12, 0.01, 11.52);





-- User 26’s week of logs (food_log_id 1–7), each with 2–3 items
INSERT INTO FoodLog_FoodItem (food_log_id, food_item_id, servings) VALUES
  (1,  1, 1.0),  (1,  8, 0.5),  (1, 24, 1.0),
  (2,  2, 1.0),  (2, 15, 1.0),
  (3,  3, 2.0),  (3, 10, 1.0), (3, 20, 0.5),
  (4,  4, 1.0),
  (5,  5, 1.0),  (5,  9, 1.0),
  (6,  6, 1.5),  (6, 14, 1.0), (6, 18, 0.75),
  (7,  7, 1.0),  (7, 12, 1.0), (7, 16, 1.0);

-- Users 27–30, one log each (food_log_id 8–11)
INSERT INTO FoodLog_FoodItem (food_log_id, food_item_id, servings) VALUES
  (8,  21, 1.0),
  (9,  22, 1.0), (9,  2,  0.5),
  (10, 23, 1.0), (10,  3,  1.0),
  (11, 24, 2.0);

-- Users 31–35, two logs each (food_log_id 12–21)
INSERT INTO FoodLog_FoodItem (food_log_id, food_item_id, servings) VALUES
  (12, 25, 1.0), (12,  1,  1.0),
  (13, 26, 1.0),
  (14, 27, 1.0), (14,  4,  2.0),
  (15, 28, 1.0),
  (16, 29, 1.0), (16,  5,  1.0),
  (17, 30, 1.0),
  (18, 31, 1.0), (18,  6,  1.5),
  (19, 32, 1.0),
  (20, 33, 1.0), (20,  7,  1.0),
  (21, 34, 1.0);

-- Users 36–40, three logs each (food_log_id 22–36)
INSERT INTO FoodLog_FoodItem (food_log_id, food_item_id, servings) VALUES
  (22, 35, 1.0), (22,  8, 1.0),
  (23, 36, 1.0),
  (24, 37, 1.0), (24,  9,  0.5),
  (25, 38, 1.0),
  (26, 39, 1.0), (26, 10,  2.0),
  (27, 40, 1.0),
  (28, 41, 1.0), (28, 11,  1.0),
  (29, 42, 1.0),
  (30, 43, 1.0), (30, 12,  1.0),
  (31, 44, 1.0),
  (32, 45, 1.0), (32, 13,  1.0),
  (33, 46, 1.0),
  (34, 47, 1.0), (34, 14,  1.0),
  (35, 48, 1.0),
  (36, 49, 1.0), (36, 15,  1.0);

-- Users 41–50, varied logs (food_log_id 37–60)
INSERT INTO FoodLog_FoodItem (food_log_id, food_item_id, servings) VALUES
  (37, 50, 1.0),
  (38,  1,  1.0), (38, 16,  0.75),
  (39,  2,  1.0),
  (40, 17,  1.0), (40,  3,  1.0), (40, 18, 1.0),
  (41,  4,  1.0),
  (42, 19,  1.0), (42,  5,  1.0),
  (43, 20,  1.0),
  (44, 21,  1.0), (44,  6,  0.5),
  (45, 22,  1.0),
  (46, 23,  1.0), (46,  7,  1.0),
  (47, 24,  1.0),
  (48, 25,  1.0), (48,  8,  1.0),
  (49, 26,  1.0),
  (50, 27,  1.0), (50,  9,  1.0),
  (51, 28,  1.0),
  (52, 29,  1.0), (52, 10,  1.0),
  (53, 30,  1.0),
  (54, 31,  1.0), (54, 11,  1.0),
  (55, 32,  1.0),
  (56, 33,  1.0), (56, 12,  1.0),
  (57, 34,  1.0),
  (58, 35,  1.0), (58, 13,  1.0),
  (59, 36,  1.0),
  (60, 37,  1.0), (60, 14,  1.0);

INSERT INTO FoodLog_FoodItem (food_log_id, food_item_id, servings) VALUES (1,  42, 2);
INSERT INTO FoodLog_FoodItem (food_log_id, food_item_id, servings) VALUES (2,  43, 1);
INSERT INTO FoodLog_FoodItem (food_log_id, food_item_id, servings) VALUES (3,  44, 3);
INSERT INTO FoodLog_FoodItem (food_log_id, food_item_id, servings) VALUES (4,  45, 2);
INSERT INTO FoodLog_FoodItem (food_log_id, food_item_id, servings) VALUES (5,  46, 1);
INSERT INTO FoodLog_FoodItem (food_log_id, food_item_id, servings) VALUES (6,  47, 2);
INSERT INTO FoodLog_FoodItem (food_log_id, food_item_id, servings) VALUES (7,  48, 4);
INSERT INTO FoodLog_FoodItem (food_log_id, food_item_id, servings) VALUES (8,  49, 1);
INSERT INTO FoodLog_FoodItem (food_log_id, food_item_id, servings) VALUES (9,  50, 3);
INSERT INTO FoodLog_FoodItem (food_log_id, food_item_id, servings) VALUES (10, 51, 2);
INSERT INTO FoodLog_FoodItem (food_log_id, food_item_id, servings) VALUES (11, 52, 1);
INSERT INTO FoodLog_FoodItem (food_log_id, food_item_id, servings) VALUES (12, 53, 3);
INSERT INTO FoodLog_FoodItem (food_log_id, food_item_id, servings) VALUES (13, 54, 2);
INSERT INTO FoodLog_FoodItem (food_log_id, food_item_id, servings) VALUES (14, 55, 1);
INSERT INTO FoodLog_FoodItem (food_log_id, food_item_id, servings) VALUES (15, 56, 2);
INSERT INTO FoodLog_FoodItem (food_log_id, food_item_id, servings) VALUES (16, 57, 3);
INSERT INTO FoodLog_FoodItem (food_log_id, food_item_id, servings) VALUES (17, 58, 1);
INSERT INTO FoodLog_FoodItem (food_log_id, food_item_id, servings) VALUES (18, 59, 2);
INSERT INTO FoodLog_FoodItem (food_log_id, food_item_id, servings) VALUES (19, 60, 4);
INSERT INTO FoodLog_FoodItem (food_log_id, food_item_id, servings) VALUES (20, 61, 1);
INSERT INTO FoodLog_FoodItem (food_log_id, food_item_id, servings) VALUES (21, 62, 2);
INSERT INTO FoodLog_FoodItem (food_log_id, food_item_id, servings) VALUES (22, 63, 3);
INSERT INTO FoodLog_FoodItem (food_log_id, food_item_id, servings) VALUES (23, 64, 1);
INSERT INTO FoodLog_FoodItem (food_log_id, food_item_id, servings) VALUES (24, 65, 2);
INSERT INTO FoodLog_FoodItem (food_log_id, food_item_id, servings) VALUES (25, 66, 1);
INSERT INTO FoodLog_FoodItem (food_log_id, food_item_id, servings) VALUES (26, 67, 3);
INSERT INTO FoodLog_FoodItem (food_log_id, food_item_id, servings) VALUES (27, 68, 2);
INSERT INTO FoodLog_FoodItem (food_log_id, food_item_id, servings) VALUES (28, 69, 1);
INSERT INTO FoodLog_FoodItem (food_log_id, food_item_id, servings) VALUES (29, 70, 2);
INSERT INTO FoodLog_FoodItem (food_log_id, food_item_id, servings) VALUES (30, 71, 4);
INSERT INTO FoodLog_FoodItem (food_log_id, food_item_id, servings) VALUES (31, 72, 2);
INSERT INTO FoodLog_FoodItem (food_log_id, food_item_id, servings) VALUES (32, 73, 1);
INSERT INTO FoodLog_FoodItem (food_log_id, food_item_id, servings) VALUES (33, 74, 3);
INSERT INTO FoodLog_FoodItem (food_log_id, food_item_id, servings) VALUES (34, 75, 2);
INSERT INTO FoodLog_FoodItem (food_log_id, food_item_id, servings) VALUES (35, 76, 1);
INSERT INTO FoodLog_FoodItem (food_log_id, food_item_id, servings) VALUES (36, 77, 4);
INSERT INTO FoodLog_FoodItem (food_log_id, food_item_id, servings) VALUES (37, 78, 2);
INSERT INTO FoodLog_FoodItem (food_log_id, food_item_id, servings) VALUES (38, 79, 1);
INSERT INTO FoodLog_FoodItem (food_log_id, food_item_id, servings) VALUES (39, 80, 3);
INSERT INTO FoodLog_FoodItem (food_log_id, food_item_id, servings) VALUES (40, 81, 2);
INSERT INTO FoodLog_FoodItem (food_log_id, food_item_id, servings) VALUES (41, 82, 1);
INSERT INTO FoodLog_FoodItem (food_log_id, food_item_id, servings) VALUES (42, 83, 2);
INSERT INTO FoodLog_FoodItem (food_log_id, food_item_id, servings) VALUES (43, 84, 3);
INSERT INTO FoodLog_FoodItem (food_log_id, food_item_id, servings) VALUES (44, 85, 1);
INSERT INTO FoodLog_FoodItem (food_log_id, food_item_id, servings) VALUES (45, 86, 2);
INSERT INTO FoodLog_FoodItem (food_log_id, food_item_id, servings) VALUES (46, 87, 4);
INSERT INTO FoodLog_FoodItem (food_log_id, food_item_id, servings) VALUES (47, 88, 2);
INSERT INTO FoodLog_FoodItem (food_log_id, food_item_id, servings) VALUES (48, 89, 1);
INSERT INTO FoodLog_FoodItem (food_log_id, food_item_id, servings) VALUES (49, 90, 3);
INSERT INTO FoodLog_FoodItem (food_log_id, food_item_id, servings) VALUES (50, 91, 2);
INSERT INTO FoodLog_FoodItem (food_log_id, food_item_id, servings) VALUES (51, 92, 1);
INSERT INTO FoodLog_FoodItem (food_log_id, food_item_id, servings) VALUES (52, 93, 2);
INSERT INTO FoodLog_FoodItem (food_log_id, food_item_id, servings) VALUES (53, 94, 3);
INSERT INTO FoodLog_FoodItem (food_log_id, food_item_id, servings) VALUES (54, 95, 1);
INSERT INTO FoodLog_FoodItem (food_log_id, food_item_id, servings) VALUES (55, 96, 2);
INSERT INTO FoodLog_FoodItem (food_log_id, food_item_id, servings) VALUES (56, 97, 4);
INSERT INTO FoodLog_FoodItem (food_log_id, food_item_id, servings) VALUES (57, 98, 2);
INSERT INTO FoodLog_FoodItem (food_log_id, food_item_id, servings) VALUES (58, 99, 1);
INSERT INTO FoodLog_FoodItem (food_log_id, food_item_id, servings) VALUES (59, 100, 3);
INSERT INTO FoodLog_FoodItem (food_log_id, food_item_id, servings) VALUES (60, 101, 2);
INSERT INTO FoodLog_FoodItem (food_log_id, food_item_id, servings) VALUES (61, 102, 2);
INSERT INTO FoodLog_FoodItem (food_log_id, food_item_id, servings) VALUES (62, 103, 1);
INSERT INTO FoodLog_FoodItem (food_log_id, food_item_id, servings) VALUES (63, 104, 3);
INSERT INTO FoodLog_FoodItem (food_log_id, food_item_id, servings) VALUES (64, 105, 2);
INSERT INTO FoodLog_FoodItem (food_log_id, food_item_id, servings) VALUES (65, 106, 1);
INSERT INTO FoodLog_FoodItem (food_log_id, food_item_id, servings) VALUES (66, 107, 4);
INSERT INTO FoodLog_FoodItem (food_log_id, food_item_id, servings) VALUES (67, 108, 2);
INSERT INTO FoodLog_FoodItem (food_log_id, food_item_id, servings) VALUES (68, 109, 1);
INSERT INTO FoodLog_FoodItem (food_log_id, food_item_id, servings) VALUES (69, 110, 3);
INSERT INTO FoodLog_FoodItem (food_log_id, food_item_id, servings) VALUES (70, 111, 2);
INSERT INTO FoodLog_FoodItem (food_log_id, food_item_id, servings) VALUES (71, 112, 1);
INSERT INTO FoodLog_FoodItem (food_log_id, food_item_id, servings) VALUES (72, 113, 2);
INSERT INTO FoodLog_FoodItem (food_log_id, food_item_id, servings) VALUES (73, 114, 3);
INSERT INTO FoodLog_FoodItem (food_log_id, food_item_id, servings) VALUES (74, 115, 1);
INSERT INTO FoodLog_FoodItem (food_log_id, food_item_id, servings) VALUES (75, 116, 2);
INSERT INTO FoodLog_FoodItem (food_log_id, food_item_id, servings) VALUES (76, 117, 4);
INSERT INTO FoodLog_FoodItem (food_log_id, food_item_id, servings) VALUES (77, 118, 2);
INSERT INTO FoodLog_FoodItem (food_log_id, food_item_id, servings) VALUES (78, 119, 1);
INSERT INTO FoodLog_FoodItem (food_log_id, food_item_id, servings) VALUES (79, 120, 3);
INSERT INTO FoodLog_FoodItem (food_log_id, food_item_id, servings) VALUES (80, 121, 2);
INSERT INTO FoodLog_FoodItem (food_log_id, food_item_id, servings) VALUES (81, 122, 1);
INSERT INTO FoodLog_FoodItem (food_log_id, food_item_id, servings) VALUES (82, 123, 2);
INSERT INTO FoodLog_FoodItem (food_log_id, food_item_id, servings) VALUES (83, 124, 3);
INSERT INTO FoodLog_FoodItem (food_log_id, food_item_id, servings) VALUES (84, 125, 1);
INSERT INTO FoodLog_FoodItem (food_log_id, food_item_id, servings) VALUES (85, 126, 4);
INSERT INTO FoodLog_FoodItem (food_log_id, food_item_id, servings) VALUES (86, 127, 2);
INSERT INTO FoodLog_FoodItem (food_log_id, food_item_id, servings) VALUES (87, 128, 1);
INSERT INTO FoodLog_FoodItem (food_log_id, food_item_id, servings) VALUES (88, 129, 3);
INSERT INTO FoodLog_FoodItem (food_log_id, food_item_id, servings) VALUES (89, 130, 2);
INSERT INTO FoodLog_FoodItem (food_log_id, food_item_id, servings) VALUES (90, 131, 1);


INSERT INTO HealthTips (name, text, tip_type) VALUES
('Health Tip 1', 'Aim for at least 150 minutes of moderate-intensity exercise per week.', 'exercise'),
('Health Tip 2', 'Get 7-9 hours of quality sleep each night to aid recovery.', 'lifestyle'),
('Health Tip 3', 'Practice gratitude by writing down three things you''re thankful for each day.', 'mental_health'),
('Health Tip 4', 'Choose whole grains over refined grains to improve fiber intake.', 'nutrition'),
('Health Tip 5', 'Incorporate strength training exercises at least twice a week.', 'exercise'),
('Health Tip 6', 'Manage stress with mindfulness or meditation for at least 10 minutes daily.', 'lifestyle'),
('Health Tip 7', 'Reach out to a friend or family member for social support.', 'mental_health'),
('Health Tip 8', 'Drink at least 8 glasses of water daily to stay hydrated.', 'nutrition'),
('Health Tip 9', 'Warm up before workouts and cool down afterwards with stretches.', 'exercise'),
('Health Tip 10', 'Maintain a consistent daily routine to improve sleep patterns.', 'lifestyle'),
('Health Tip 11', 'Set realistic goals and celebrate small achievements.', 'mental_health'),
('Health Tip 12', 'Limit added sugars and choose natural sweeteners like honey in moderation.', 'nutrition'),
('Health Tip 13', 'Include a mix of cardio, strength, and flexibility exercises.', 'exercise'),
('Health Tip 14', 'Limit screen time before bed to promote better sleep quality.', 'lifestyle'),
('Health Tip 15', 'Take breaks to relax and recharge your mind.', 'mental_health'),
('Health Tip 16', 'Include a source of lean protein in every meal for muscle repair.', 'nutrition'),
('Health Tip 17', 'Take regular walking breaks to reduce sedentary time.', 'exercise'),
('Health Tip 18', 'Spend time outdoors to boost mood and vitamin D levels.', 'lifestyle'),
('Health Tip 19', 'Seek professional help if feelings of anxiety or depression persist.', 'mental_health'),
('Health Tip 20', 'Incorporate at least 5 servings of fruits and vegetables each day.', 'nutrition'),
('Health Tip 21', 'Aim for at least 150 minutes of moderate-intensity exercise per week.', 'exercise'),
('Health Tip 22', 'Get 7-9 hours of quality sleep each night to aid recovery.', 'lifestyle'),
('Health Tip 23', 'Practice gratitude by writing down three things you''re thankful for each day.', 'mental_health'),
('Health Tip 24', 'Choose whole grains over refined grains to improve fiber intake.', 'nutrition'),
('Health Tip 25', 'Incorporate strength training exercises at least twice a week.', 'exercise'),
('Health Tip 26', 'Manage stress with mindfulness or meditation for at least 10 minutes daily.', 'lifestyle'),
('Health Tip 27', 'Reach out to a friend or family member for social support.', 'mental_health'),
('Health Tip 28', 'Drink at least 8 glasses of water daily to stay hydrated.', 'nutrition'),
('Health Tip 29', 'Warm up before workouts and cool down afterwards with stretches.', 'exercise'),
('Health Tip 30', 'Maintain a consistent daily routine to improve sleep patterns.', 'lifestyle'),
('Health Tip 31', 'Set realistic goals and celebrate small achievements.', 'mental_health'),
('Health Tip 32', 'Limit added sugars and choose natural sweeteners like honey in moderation.', 'nutrition'),
('Health Tip 33', 'Include a mix of cardio, strength, and flexibility exercises.', 'exercise'),
('Health Tip 34', 'Limit screen time before bed to promote better sleep quality.', 'lifestyle'),
('Health Tip 35', 'Take breaks to relax and recharge your mind.', 'mental_health'),
('Health Tip 36', 'Include a source of lean protein in every meal for muscle repair.', 'nutrition'),
('Health Tip 37', 'Take regular walking breaks to reduce sedentary time.', 'exercise'),
('Health Tip 38', 'Spend time outdoors to boost mood and vitamin D levels.', 'lifestyle'),
('Health Tip 39', 'Seek professional help if feelings of anxiety or depression persist.', 'mental_health'),
('Health Tip 40', 'Incorporate at least 5 servings of fruits and vegetables each day.', 'nutrition'),
('Health Tip 41', 'Aim for at least 150 minutes of moderate-intensity exercise per week.', 'exercise'),
('Health Tip 42', 'Get 7-9 hours of quality sleep each night to aid recovery.', 'lifestyle'),
('Health Tip 43', 'Practice gratitude by writing down three things you''re thankful for each day.', 'mental_health'),
('Health Tip 44', 'Choose whole grains over refined grains to improve fiber intake.', 'nutrition'),
('Health Tip 45', 'Incorporate strength training exercises at least twice a week.', 'exercise'),
('Health Tip 46', 'Manage stress with mindfulness or meditation for at least 10 minutes daily.', 'lifestyle'),
('Health Tip 47', 'Reach out to a friend or family member for social support.', 'mental_health'),
('Health Tip 48', 'Drink at least 8 glasses of water daily to stay hydrated.', 'nutrition'),
('Health Tip 49', 'Warm up before workouts and cool down afterwards with stretches.', 'exercise'),
('Health Tip 50', 'Maintain a consistent daily routine to improve sleep patterns.', 'lifestyle'),
('Health Tip 51', 'Set realistic goals and celebrate small achievements.', 'mental_health'),
('Health Tip 52', 'Limit added sugars and choose natural sweeteners like honey in moderation.', 'nutrition'),
('Health Tip 53', 'Include a mix of cardio, strength, and flexibility exercises.', 'exercise'),
('Health Tip 54', 'Limit screen time before bed to promote better sleep quality.', 'lifestyle'),
('Health Tip 55', 'Take breaks to relax and recharge your mind.', 'mental_health'),
('Health Tip 56', 'Include a source of lean protein in every meal for muscle repair.', 'nutrition'),
('Health Tip 57', 'Take regular walking breaks to reduce sedentary time.', 'exercise'),
('Health Tip 58', 'Spend time outdoors to boost mood and vitamin D levels.', 'lifestyle'),
('Health Tip 59', 'Seek professional help if feelings of anxiety or depression persist.', 'mental_health'),
('Health Tip 60', 'Incorporate at least 5 servings of fruits and vegetables each day.', 'nutrition'),
('Health Tip 61', 'Aim for at least 150 minutes of moderate-intensity exercise per week.', 'exercise'),
('Health Tip 62', 'Get 7-9 hours of quality sleep each night to aid recovery.', 'lifestyle'),
('Health Tip 63', 'Practice gratitude by writing down three things you''re thankful for each day.', 'mental_health'),
('Health Tip 64', 'Choose whole grains over refined grains to improve fiber intake.', 'nutrition'),
('Health Tip 65', 'Incorporate strength training exercises at least twice a week.', 'exercise'),
('Health Tip 66', 'Manage stress with mindfulness or meditation for at least 10 minutes daily.', 'lifestyle'),
('Health Tip 67', 'Reach out to a friend or family member for social support.', 'mental_health'),
('Health Tip 68', 'Drink at least 8 glasses of water daily to stay hydrated.', 'nutrition'),
('Health Tip 69', 'Warm up before workouts and cool down afterwards with stretches.', 'exercise'),
('Health Tip 70', 'Maintain a consistent daily routine to improve sleep patterns.', 'lifestyle'),
('Health Tip 71', 'Set realistic goals and celebrate small achievements.', 'mental_health'),
('Health Tip 72', 'Limit added sugars and choose natural sweeteners like honey in moderation.', 'nutrition'),
('Health Tip 73', 'Include a mix of cardio, strength, and flexibility exercises.', 'exercise'),
('Health Tip 74', 'Limit screen time before bed to promote better sleep quality.', 'lifestyle'),
('Health Tip 75', 'Take breaks to relax and recharge your mind.', 'mental_health'),
('Health Tip 76', 'Include a source of lean protein in every meal for muscle repair.', 'nutrition'),
('Health Tip 77', 'Take regular walking breaks to reduce sedentary time.', 'exercise'),
('Health Tip 78', 'Spend time outdoors to boost mood and vitamin D levels.', 'lifestyle'),
('Health Tip 79', 'Seek professional help if feelings of anxiety or depression persist.', 'mental_health'),
('Health Tip 80', 'Incorporate at least 5 servings of fruits and vegetables each day.', 'nutrition'),
('Health Tip 81', 'Aim for at least 150 minutes of moderate-intensity exercise per week.', 'exercise'),
('Health Tip 82', 'Get 7-9 hours of quality sleep each night to aid recovery.', 'lifestyle'),
('Health Tip 83', 'Practice gratitude by writing down three things you''re thankful for each day.', 'mental_health'),
('Health Tip 84', 'Choose whole grains over refined grains to improve fiber intake.', 'nutrition'),
('Health Tip 85', 'Incorporate strength training exercises at least twice a week.', 'exercise'),
('Health Tip 86', 'Manage stress with mindfulness or meditation for at least 10 minutes daily.', 'lifestyle'),
('Health Tip 87', 'Reach out to a friend or family member for social support.', 'mental_health'),
('Health Tip 88', 'Drink at least 8 glasses of water daily to stay hydrated.', 'nutrition'),
('Health Tip 89', 'Warm up before workouts and cool down afterwards with stretches.', 'exercise'),
('Health Tip 90', 'Maintain a consistent daily routine to improve sleep patterns.', 'lifestyle'),
('Health Tip 91', 'Set realistic goals and celebrate small achievements.', 'mental_health'),
('Health Tip 92', 'Limit added sugars and choose natural sweeteners like honey in moderation.', 'nutrition'),
('Health Tip 93', 'Include a mix of cardio, strength, and flexibility exercises.', 'exercise'),
('Health Tip 94', 'Limit screen time before bed to promote better sleep quality.', 'lifestyle'),
('Health Tip 95', 'Take breaks to relax and recharge your mind.', 'mental_health'),
('Health Tip 96', 'Include a source of lean protein in every meal for muscle repair.', 'nutrition'),
('Health Tip 97', 'Take regular walking breaks to reduce sedentary time.', 'exercise'),
('Health Tip 98', 'Spend time outdoors to boost mood and vitamin D levels.', 'lifestyle'),
('Health Tip 99', 'Seek professional help if feelings of anxiety or depression persist.', 'mental_health'),
('Health Tip 100', 'Incorporate at least 5 servings of fruits and vegetables each day.', 'nutrition'),
('Health Tip 101', 'Aim for at least 150 minutes of moderate-intensity exercise per week.', 'exercise'),
('Health Tip 102', 'Get 7-9 hours of quality sleep each night to aid recovery.', 'lifestyle'),
('Health Tip 103', 'Practice gratitude by writing down three things you''re thankful for each day.', 'mental_health'),
('Health Tip 104', 'Choose whole grains over refined grains to improve fiber intake.', 'nutrition'),
('Health Tip 105', 'Incorporate strength training exercises at least twice a week.', 'exercise'),
('Health Tip 106', 'Manage stress with mindfulness or meditation for at least 10 minutes daily.', 'lifestyle'),
('Health Tip 107', 'Reach out to a friend or family member for social support.', 'mental_health'),
('Health Tip 108', 'Drink at least 8 glasses of water daily to stay hydrated.', 'nutrition'),
('Health Tip 109', 'Warm up before workouts and cool down afterwards with stretches.', 'exercise'),
('Health Tip 110', 'Maintain a consistent daily routine to improve sleep patterns.', 'lifestyle'),
('Health Tip 111', 'Set realistic goals and celebrate small achievements.', 'mental_health'),
('Health Tip 112', 'Limit added sugars and choose natural sweeteners like honey in moderation.', 'nutrition'),
('Health Tip 113', 'Include a mix of cardio, strength, and flexibility exercises.', 'exercise'),
('Health Tip 114', 'Limit screen time before bed to promote better sleep quality.', 'lifestyle'),
('Health Tip 115', 'Take breaks to relax and recharge your mind.', 'mental_health'),
('Health Tip 116', 'Include a source of lean protein in every meal for muscle repair.', 'nutrition'),
('Health Tip 117', 'Take regular walking breaks to reduce sedentary time.', 'exercise'),
('Health Tip 118', 'Spend time outdoors to boost mood and vitamin D levels.', 'lifestyle'),
('Health Tip 119', 'Seek professional help if feelings of anxiety or depression persist.', 'mental_health'),
('Health Tip 120', 'Incorporate at least 5 servings of fruits and vegetables each day.', 'nutrition'),
('Health Tip 121', 'Aim for at least 150 minutes of moderate-intensity exercise per week.', 'exercise'),
('Health Tip 122', 'Get 7-9 hours of quality sleep each night to aid recovery.', 'lifestyle'),
('Health Tip 123', 'Practice gratitude by writing down three things you''re thankful for each day.', 'mental_health'),
('Health Tip 124', 'Choose whole grains over refined grains to improve fiber intake.', 'nutrition'),
('Health Tip 125', 'Incorporate strength training exercises at least twice a week.', 'exercise');





INSERT INTO Motivation (name, text) VALUES
('Motivation 1', 'Stay positive.'),
('Motivation 2', 'Believe in yourself.'),
('Motivation 3', 'Embrace the challenge.'),
('Motivation 4', 'You are stronger than you think.'),
('Motivation 5', 'Make today count.'),
('Motivation 6', 'Small steps lead to big changes.'),
('Motivation 7', 'Success is a journey not a destination.'),
('Motivation 8', 'Keep pushing forward.'),
('Motivation 9', 'Hard work pays off.'),
('Motivation 10', 'You can do it.'),
('Motivation 11', 'Never give up.'),
('Motivation 12', 'Dream big.'),
('Motivation 13', 'Take action.'),
('Motivation 14', 'Stay focused.'),
('Motivation 15', 'Be your best self.'),
('Motivation 16', 'Keep moving.'),
('Motivation 17', 'Rise and grind.'),
('Motivation 18', 'Mind over matter.'),
('Motivation 19', 'Progress not perfection.'),
('Motivation 20', 'You are limitless.'),
('Motivation 21', 'Stay strong.'),
('Motivation 22', 'Push your limits.'),
('Motivation 23', 'Every day is a fresh start.'),
('Motivation 24', 'Challenge yourself.'),
('Motivation 25', 'Believe and achieve.'),
('Motivation 26', 'Your potential is endless.'),
('Motivation 27', 'Make it happen.'),
('Motivation 28', 'Stay committed.'),
('Motivation 29', 'Give it your all.'),
('Motivation 30', 'You are unstoppable.'),
('Motivation 31', 'Keep climbing.'),
('Motivation 32', 'Face your fears.'),
('Motivation 33', 'Stay hungry.'),
('Motivation 34', 'Let your passion lead.'),
('Motivation 35', 'Conquer your goals.'),
('Motivation 36', 'Strive for greatness.'),
('Motivation 37', 'Stay determined.'),
('Motivation 38', 'One step at a time.'),
('Motivation 39', 'You are capable.'),
('Motivation 40', 'Own your journey.'),
('Motivation 41', 'Keep the faith.'),
('Motivation 42', 'Never settle.'),
('Motivation 43', 'Live with purpose.'),
('Motivation 44', 'Break your limits.'),
('Motivation 45', 'Stay motivated.'),
('Motivation 46', 'Push harder.'),
('Motivation 47', 'Today is your day.'),
('Motivation 48', 'Victory is earned.'),
('Motivation 49', 'Dare to be great.'),
('Motivation 50', 'Believe in progress.'),
('Motivation 51', 'Make each rep count.'),
('Motivation 52', 'Focus on the goal.'),
('Motivation 53', 'Stay disciplined.'),
('Motivation 54', 'Ignite your drive.'),
('Motivation 55', 'Keep the momentum.'),
('Motivation 56', 'You are in control.'),
('Motivation 57', 'Your effort matters.'),
('Motivation 58', 'Success loves effort.'),
('Motivation 59', 'Believe in the process.'),
('Motivation 60', 'Keep striving.'),
('Motivation 61', 'Aim for excellence.'),
('Motivation 62', 'Turn ambition into action.'),
('Motivation 63', 'Stay resilient.'),
('Motivation 64', 'Keep your head up.'),
('Motivation 65', 'Make your mark.'),
('Motivation 66', 'Elevate yourself.'),
('Motivation 67', 'Keep your eyes on the prize.'),
('Motivation 68', 'Every rep counts.'),
('Motivation 69', 'Harness your power.'),
('Motivation 70', 'Keep the pace.'),
('Motivation 71', 'Push beyond limits.'),
('Motivation 72', 'Be relentless.'),
('Motivation 73', 'Own your success.'),
('Motivation 74', 'Stay unstoppable.'),
('Motivation 75', 'Keep powering through.'),
('Motivation 76', 'Push past doubt.'),
('Motivation 77', 'Believe in victory.'),
('Motivation 78', 'Make strength your habit.'),
('Motivation 79', 'Keep forging ahead.'),
('Motivation 80', 'Your will is your strength.'),
('Motivation 81', 'Stay bold.'),
('Motivation 82', 'Chase your dreams.'),
('Motivation 83', 'Fuel your passion.'),
('Motivation 84', 'Keep your spirit high.'),
('Motivation 85', 'Embrace the burn.'),
('Motivation 86', 'Thrive under pressure.'),
('Motivation 87', 'Strength is earned.'),
('Motivation 88', 'Keep your goals in sight.'),
('Motivation 89', 'Be unbreakable.'),
('Motivation 90', 'Rise to the occasion.'),
('Motivation 91', 'Push for progress.'),
('Motivation 92', 'Believe you can.'),
('Motivation 93', 'Keep the fire alive.'),
('Motivation 94', 'Be your own motivation.'),
('Motivation 95', 'Make every moment matter.'),
('Motivation 96', 'Keep the focus.'),
('Motivation 97', 'Strive and succeed.'),
('Motivation 98', 'Let nothing stop you.'),
('Motivation 99', 'Your strength is limitless.'),
('Motivation 100', 'Keep going no matter what.'),
('Motivation 101', 'Stay fierce.'),
('Motivation 102', 'Believe in your strength.'),
('Motivation 103', 'Keep conquering obstacles.'),
('Motivation 104', 'Persistence pays off.'),
('Motivation 105', 'Stay dedicated.'),
('Motivation 106', 'Keep breaking barriers.'),
('Motivation 107', 'Fuel your success.'),
('Motivation 108', 'Stay focused on growth.'),
('Motivation 109', 'Ignite your passion.'),
('Motivation 110', 'Power through.'),
('Motivation 111', 'Keep up the hustle.'),
('Motivation 112', 'Stay the course.'),
('Motivation 113', 'Embrace the journey.'),
('Motivation 114', 'Achieve the impossible.'),
('Motivation 115', 'Keep the grind on.'),
('Motivation 116', 'Push with purpose.'),
('Motivation 117', 'Stay committed to excellence.'),
('Motivation 118', 'Keep raising the bar.'),
('Motivation 119', 'Your dedication defines you.'),
('Motivation 120', 'Keep leveling up.'),
('Motivation 121', 'Stay fearless.'),
('Motivation 122', 'Make your dreams real.'),
('Motivation 123', 'Keep setting new goals.'),
('Motivation 124', 'Stay unwavering.'),
('Motivation 125', 'Your best is yet to come.');