-- 125 INSERT statements for Demographics table
INSERT INTO Demographics (user_id, age, gender, cultural_background, fitness_experience) VALUES (1, 25, 'Male', 'Caucasian', 'Beginner');
INSERT INTO Demographics (user_id, age, gender, cultural_background, fitness_experience) VALUES (2, 34, 'Female', 'Hispanic', 'Intermediate');
INSERT INTO Demographics (user_id, age, gender, cultural_background, fitness_experience) VALUES (3, 42, 'Male', 'African American', 'Advanced');
INSERT INTO Demographics (user_id, age, gender, cultural_background, fitness_experience) VALUES (4, 19, 'Female', 'Asian', 'Beginner');
INSERT INTO Demographics (user_id, age, gender, cultural_background, fitness_experience) VALUES (5, 56, 'Male', 'Caucasian', 'Intermediate');
INSERT INTO Demographics (user_id, age, gender, cultural_background, fitness_experience) VALUES (6, 28, 'Female', 'Native American', 'Beginner');
INSERT INTO Demographics (user_id, age, gender, cultural_background, fitness_experience) VALUES (7, 33, 'Male', 'Middle Eastern', 'Advanced');
INSERT INTO Demographics (user_id, age, gender, cultural_background, fitness_experience) VALUES (8, 47, 'Female', 'Caucasian', 'Intermediate');
INSERT INTO Demographics (user_id, age, gender, cultural_background, fitness_experience) VALUES (9, 22, 'Male', 'Hispanic', 'Beginner');
INSERT INTO Demographics (user_id, age, gender, cultural_background, fitness_experience) VALUES (10, 39, 'Female', 'African American', 'Intermediate');
INSERT INTO Demographics (user_id, age, gender, cultural_background, fitness_experience) VALUES (11, 51, 'Male', 'Asian', 'Advanced');
INSERT INTO Demographics (user_id, age, gender, cultural_background, fitness_experience) VALUES (12, 29, 'Female', 'Caucasian', 'Beginner');
INSERT INTO Demographics (user_id, age, gender, cultural_background, fitness_experience) VALUES (13, 37, 'Male', 'Hispanic', 'Intermediate');
INSERT INTO Demographics (user_id, age, gender, cultural_background, fitness_experience) VALUES (14, 45, 'Female', 'Native American', 'Advanced');
INSERT INTO Demographics (user_id, age, gender, cultural_background, fitness_experience) VALUES (15, 31, 'Male', 'Middle Eastern', 'Beginner');
INSERT INTO Demographics (user_id, age, gender, cultural_background, fitness_experience) VALUES (16, 26, 'Female', 'Caucasian', 'Intermediate');
INSERT INTO Demographics (user_id, age, gender, cultural_background, fitness_experience) VALUES (17, 41, 'Male', 'African American', 'Beginner');
INSERT INTO Demographics (user_id, age, gender, cultural_background, fitness_experience) VALUES (18, 23, 'Female', 'Asian', 'Advanced');
INSERT INTO Demographics (user_id, age, gender, cultural_background, fitness_experience) VALUES (19, 35, 'Male', 'Hispanic', 'Intermediate');
INSERT INTO Demographics (user_id, age, gender, cultural_background, fitness_experience) VALUES (20, 49, 'Female', 'Caucasian', 'Beginner');
INSERT INTO Demographics (user_id, age, gender, cultural_background, fitness_experience) VALUES (21, 27, 'Male', 'Native American', 'Advanced');
INSERT INTO Demographics (user_id, age, gender, cultural_background, fitness_experience) VALUES (22, 38, 'Female', 'Middle Eastern', 'Intermediate');
INSERT INTO Demographics (user_id, age, gender, cultural_background, fitness_experience) VALUES (23, 44, 'Male', 'Caucasian', 'Beginner');
INSERT INTO Demographics (user_id, age, gender, cultural_background, fitness_experience) VALUES (24, 30, 'Female', 'African American', 'Advanced');
INSERT INTO Demographics (user_id, age, gender, cultural_background, fitness_experience) VALUES (25, 52, 'Male', 'Hispanic', 'Intermediate');
INSERT INTO Demographics (user_id, age, gender, cultural_background, fitness_experience) VALUES (26, 21, 'Female', 'Asian', 'Beginner');
INSERT INTO Demographics (user_id, age, gender, cultural_background, fitness_experience) VALUES (27, 36, 'Male', 'Caucasian', 'Intermediate');
INSERT INTO Demographics (user_id, age, gender, cultural_background, fitness_experience) VALUES (28, 43, 'Female', 'Native American', 'Advanced');
INSERT INTO Demographics (user_id, age, gender, cultural_background, fitness_experience) VALUES (29, 29, 'Male', 'Middle Eastern', 'Beginner');
INSERT INTO Demographics (user_id, age, gender, cultural_background, fitness_experience) VALUES (30, 48, 'Female', 'Caucasian', 'Intermediate');
INSERT INTO Demographics (user_id, age, gender, cultural_background, fitness_experience) VALUES (31, 32, 'Male', 'Hispanic', 'Beginner');
INSERT INTO Demographics (user_id, age, gender, cultural_background, fitness_experience) VALUES (32, 40, 'Female', 'African American', 'Advanced');
INSERT INTO Demographics (user_id, age, gender, cultural_background, fitness_experience) VALUES (33, 24, 'Male', 'Asian', 'Intermediate');
INSERT INTO Demographics (user_id, age, gender, cultural_background, fitness_experience) VALUES (34, 55, 'Female', 'Caucasian', 'Beginner');
INSERT INTO Demographics (user_id, age, gender, cultural_background, fitness_experience) VALUES (35, 33, 'Male', 'Native American', 'Advanced');
INSERT INTO Demographics (user_id, age, gender, cultural_background, fitness_experience) VALUES (36, 46, 'Female', 'Middle Eastern', 'Intermediate');
INSERT INTO Demographics (user_id, age, gender, cultural_background, fitness_experience) VALUES (37, 28, 'Male', 'Caucasian', 'Beginner');
INSERT INTO Demographics (user_id, age, gender, cultural_background, fitness_experience) VALUES (38, 37, 'Female', 'Hispanic', 'Advanced');
INSERT INTO Demographics (user_id, age, gender, cultural_background, fitness_experience) VALUES (39, 50, 'Male', 'African American', 'Intermediate');
INSERT INTO Demographics (user_id, age, gender, cultural_background, fitness_experience) VALUES (40, 22, 'Female', 'Asian', 'Beginner');
INSERT INTO Demographics (user_id, age, gender, cultural_background, fitness_experience) VALUES (41, 39, 'Male', 'Caucasian', 'Intermediate');
INSERT INTO Demographics (user_id, age, gender, cultural_background, fitness_experience) VALUES (42, 27, 'Female', 'Native American', 'Advanced');
INSERT INTO Demographics (user_id, age, gender, cultural_background, fitness_experience) VALUES (43, 34, 'Male', 'Middle Eastern', 'Beginner');
INSERT INTO Demographics (user_id, age, gender, cultural_background, fitness_experience) VALUES (44, 42, 'Female', 'Caucasian', 'Intermediate');
INSERT INTO Demographics (user_id, age, gender, cultural_background, fitness_experience) VALUES (45, 31, 'Male', 'Hispanic', 'Beginner');
INSERT INTO Demographics (user_id, age, gender, cultural_background, fitness_experience) VALUES (46, 45, 'Female', 'African American', 'Advanced');
INSERT INTO Demographics (user_id, age, gender, cultural_background, fitness_experience) VALUES (47, 25, 'Male', 'Asian', 'Intermediate');
INSERT INTO Demographics (user_id, age, gender, cultural_background, fitness_experience) VALUES (48, 53, 'Female', 'Caucasian', 'Beginner');
INSERT INTO Demographics (user_id, age, gender, cultural_background, fitness_experience) VALUES (49, 35, 'Male', 'Native American', 'Advanced');
INSERT INTO Demographics (user_id, age, gender, cultural_background, fitness_experience) VALUES (50, 41, 'Female', 'Middle Eastern', 'Intermediate');
INSERT INTO Demographics (user_id, age, gender, cultural_background, fitness_experience) VALUES (51, 29, 'Male', 'Caucasian', 'Beginner');
INSERT INTO Demographics (user_id, age, gender, cultural_background, fitness_experience) VALUES (52, 38, 'Female', 'Hispanic', 'Advanced');
INSERT INTO Demographics (user_id, age, gender, cultural_background, fitness_experience) VALUES (53, 47, 'Male', 'African American', 'Intermediate');
INSERT INTO Demographics (user_id, age, gender, cultural_background, fitness_experience) VALUES (54, 23, 'Female', 'Asian', 'Beginner');
INSERT INTO Demographics (user_id, age, gender, cultural_background, fitness_experience) VALUES (55, 36, 'Male', 'Caucasian', 'Intermediate');
INSERT INTO Demographics (user_id, age, gender, cultural_background, fitness_experience) VALUES (56, 30, 'Female', 'Native American', 'Advanced');
INSERT INTO Demographics (user_id, age, gender, cultural_background, fitness_experience) VALUES (57, 44, 'Male', 'Middle Eastern', 'Beginner');
INSERT INTO Demographics (user_id, age, gender, cultural_background, fitness_experience) VALUES (58, 26, 'Female', 'Caucasian', 'Intermediate');
INSERT INTO Demographics (user_id, age, gender, cultural_background, fitness_experience) VALUES (59, 33, 'Male', 'Hispanic', 'Beginner');
INSERT INTO Demographics (user_id, age, gender, cultural_background, fitness_experience) VALUES (60, 49, 'Female', 'African American', 'Advanced');
INSERT INTO Demographics (user_id, age, gender, cultural_background, fitness_experience) VALUES (61, 28, 'Male', 'Asian', 'Intermediate');
INSERT INTO Demographics (user_id, age, gender, cultural_background, fitness_experience) VALUES (62, 51, 'Female', 'Caucasian', 'Beginner');
INSERT INTO Demographics (user_id, age, gender, cultural_background, fitness_experience) VALUES (63, 37, 'Male', 'Native American', 'Advanced');
INSERT INTO Demographics (user_id, age, gender, cultural_background, fitness_experience) VALUES (64, 43, 'Female', 'Middle Eastern', 'Intermediate');
INSERT INTO Demographics (user_id, age, gender, cultural_background, fitness_experience) VALUES (65, 24, 'Male', 'Caucasian', 'Beginner');
INSERT INTO Demographics (user_id, age, gender, cultural_background, fitness_experience) VALUES (66, 39, 'Female', 'Hispanic', 'Advanced');
INSERT INTO Demographics (user_id, age, gender, cultural_background, fitness_experience) VALUES (67, 46, 'Male', 'African American', 'Intermediate');
INSERT INTO Demographics (user_id, age, gender, cultural_background, fitness_experience) VALUES (68, 25, 'Female', 'Asian', 'Beginner');
INSERT INTO Demographics (user_id, age, gender, cultural_background, fitness_experience) VALUES (69, 32, 'Male', 'Caucasian', 'Intermediate');
INSERT INTO Demographics (user_id, age, gender, cultural_background, fitness_experience) VALUES (70, 40, 'Female', 'Native American', 'Advanced');
INSERT INTO Demographics (user_id, age, gender, cultural_background, fitness_experience) VALUES (71, 27, 'Male', 'Middle Eastern', 'Beginner');
INSERT INTO Demographics (user_id, age, gender, cultural_background, fitness_experience) VALUES (72, 48, 'Female', 'Caucasian', 'Intermediate');
INSERT INTO Demographics (user_id, age, gender, cultural_background, fitness_experience) VALUES (73, 31, 'Male', 'Hispanic', 'Beginner');
INSERT INTO Demographics (user_id, age, gender, cultural_background, fitness_experience) VALUES (74, 45, 'Female', 'African American', 'Advanced');
INSERT INTO Demographics (user_id, age, gender, cultural_background, fitness_experience) VALUES (75, 29, 'Male', 'Asian', 'Intermediate');
INSERT INTO Demographics (user_id, age, gender, cultural_background, fitness_experience) VALUES (76, 54, 'Female', 'Caucasian', 'Beginner');
INSERT INTO Demographics (user_id, age, gender, cultural_background, fitness_experience) VALUES (77, 35, 'Male', 'Native American', 'Advanced');
INSERT INTO Demographics (user_id, age, gender, cultural_background, fitness_experience) VALUES (78, 42, 'Female', 'Middle Eastern', 'Intermediate');
INSERT INTO Demographics (user_id, age, gender, cultural_background, fitness_experience) VALUES (79, 26, 'Male', 'Caucasian', 'Beginner');
INSERT INTO Demographics (user_id, age, gender, cultural_background, fitness_experience) VALUES (80, 38, 'Female', 'Hispanic', 'Advanced');
INSERT INTO Demographics (user_id, age, gender, cultural_background, fitness_experience) VALUES (81, 47, 'Male', 'African American', 'Intermediate');
INSERT INTO Demographics (user_id, age, gender, cultural_background, fitness_experience) VALUES (82, 23, 'Female', 'Asian', 'Beginner');
INSERT INTO Demographics (user_id, age, gender, cultural_background, fitness_experience) VALUES (83, 36, 'Male', 'Caucasian', 'Intermediate');
INSERT INTO Demographics (user_id, age, gender, cultural_background, fitness_experience) VALUES (84, 41, 'Female', 'Native American', 'Advanced');
INSERT INTO Demographics (user_id, age, gender, cultural_background, fitness_experience) VALUES (85, 30, 'Male', 'Middle Eastern', 'Beginner');
INSERT INTO Demographics (user_id, age, gender, cultural_background, fitness_experience) VALUES (86, 52, 'Female', 'Caucasian', 'Intermediate');
INSERT INTO Demographics (user_id, age, gender, cultural_background, fitness_experience) VALUES (87, 34, 'Male', 'Hispanic', 'Beginner');
INSERT INTO Demographics (user_id, age, gender, cultural_background, fitness_experience) VALUES (88, 43, 'Female', 'African American', 'Advanced');
INSERT INTO Demographics (user_id, age, gender, cultural_background, fitness_experience) VALUES (89, 28, 'Male', 'Asian', 'Intermediate');
INSERT INTO Demographics (user_id, age, gender, cultural_background, fitness_experience) VALUES (90, 50, 'Female', 'Caucasian', 'Beginner');
INSERT INTO Demographics (user_id, age, gender, cultural_background, fitness_experience) VALUES (91, 33, 'Male', 'Native American', 'Advanced');
INSERT INTO Demographics (user_id, age, gender, cultural_background, fitness_experience) VALUES (92, 46, 'Female', 'Middle Eastern', 'Intermediate');
INSERT INTO Demographics (user_id, age, gender, cultural_background, fitness_experience) VALUES (93, 25, 'Male', 'Caucasian', 'Beginner');
INSERT INTO Demographics (user_id, age, gender, cultural_background, fitness_experience) VALUES (94, 37, 'Female', 'Hispanic', 'Advanced');
INSERT INTO Demographics (user_id, age, gender, cultural_background, fitness_experience) VALUES (95, 45, 'Male', 'African American', 'Intermediate');
INSERT INTO Demographics (user_id, age, gender, cultural_background, fitness_experience) VALUES (96, 29, 'Female', 'Asian', 'Beginner');
INSERT INTO Demographics (user_id, age, gender, cultural_background, fitness_experience) VALUES (97, 39, 'Male', 'Caucasian', 'Intermediate');
INSERT INTO Demographics (user_id, age, gender, cultural_background, fitness_experience) VALUES (98, 27, 'Female', 'Native American', 'Advanced');
INSERT INTO Demographics (user_id, age, gender, cultural_background, fitness_experience) VALUES (99, 35, 'Male', 'Middle Eastern', 'Beginner');
INSERT INTO Demographics (user_id, age, gender, cultural_background, fitness_experience) VALUES (100, 48, 'Female', 'Caucasian', 'Intermediate');
INSERT INTO Demographics (user_id, age, gender, cultural_background, fitness_experience) VALUES (101, 32, 'Male', 'Hispanic', 'Beginner');
INSERT INTO Demographics (user_id, age, gender, cultural_background, fitness_experience) VALUES (102, 44, 'Female', 'African American', 'Advanced');
INSERT INTO Demographics (user_id, age, gender, cultural_background, fitness_experience) VALUES (103, 31, 'Male', 'Asian', 'Intermediate');
INSERT INTO Demographics (user_id, age, gender, cultural_background, fitness_experience) VALUES (104, 53, 'Female', 'Caucasian', 'Beginner');
INSERT INTO Demographics (user_id, age, gender, cultural_background, fitness_experience) VALUES (105, 38, 'Male', 'Native American', 'Advanced');
INSERT INTO Demographics (user_id, age, gender, cultural_background, fitness_experience) VALUES (106, 26, 'Female', 'Middle Eastern', 'Intermediate');
INSERT INTO Demographics (user_id, age, gender, cultural_background, fitness_experience) VALUES (107, 40, 'Male', 'Caucasian', 'Beginner');
INSERT INTO Demographics (user_id, age, gender, cultural_background, fitness_experience) VALUES (108, 29, 'Female', 'Hispanic', 'Advanced');
INSERT INTO Demographics (user_id, age, gender, cultural_background, fitness_experience) VALUES (109, 47, 'Male', 'African American', 'Intermediate');
INSERT INTO Demographics (user_id, age, gender, cultural_background, fitness_experience) VALUES (110, 24, 'Female', 'Asian', 'Beginner');
INSERT INTO Demographics (user_id, age, gender, cultural_background, fitness_experience) VALUES (111, 36, 'Male', 'Caucasian', 'Intermediate');
INSERT INTO Demographics (user_id, age, gender, cultural_background, fitness_experience) VALUES (112, 43, 'Female', 'Native American', 'Advanced');
INSERT INTO Demographics (user_id, age, gender, cultural_background, fitness_experience) VALUES (113, 30, 'Male', 'Middle Eastern', 'Beginner');
INSERT INTO Demographics (user_id, age, gender, cultural_background, fitness_experience) VALUES (114, 49, 'Female', 'Caucasian', 'Intermediate');
INSERT INTO Demographics (user_id, age, gender, cultural_background, fitness_experience) VALUES (115, 33, 'Male', 'Hispanic', 'Beginner');
INSERT INTO Demographics (user_id, age, gender, cultural_background, fitness_experience) VALUES (116, 42, 'Female', 'African American', 'Advanced');
INSERT INTO Demographics (user_id, age, gender, cultural_background, fitness_experience) VALUES (117, 28, 'Male', 'Asian', 'Intermediate');
INSERT INTO Demographics (user_id, age, gender, cultural_background, fitness_experience) VALUES (118, 51, 'Female', 'Caucasian', 'Beginner');
INSERT INTO Demographics (user_id, age, gender, cultural_background, fitness_experience) VALUES (119, 34, 'Male', 'Native American', 'Advanced');
INSERT INTO Demographics (user_id, age, gender, cultural_background, fitness_experience) VALUES (120, 45, 'Female', 'Middle Eastern', 'Intermediate');
INSERT INTO Demographics (user_id, age, gender, cultural_background, fitness_experience) VALUES (121, 27, 'Male', 'Caucasian', 'Beginner');
INSERT INTO Demographics (user_id, age, gender, cultural_background, fitness_experience) VALUES (122, 39, 'Female', 'Hispanic', 'Advanced');
INSERT INTO Demographics (user_id, age, gender, cultural_background, fitness_experience) VALUES (123, 46, 'Male', 'African American', 'Intermediate');
INSERT INTO Demographics (user_id, age, gender, cultural_background, fitness_experience) VALUES (124, 31, 'Female', 'Asian', 'Beginner');
INSERT INTO Demographics (user_id, age, gender, cultural_background, fitness_experience) VALUES (125, 41, 'Male', 'Caucasian', 'Intermediate');

-- 125 INSERT statements for User_Demographic_Data table
INSERT INTO User_Demographic_Data (user_id, demographics_id) VALUES (1, 1);
INSERT INTO User_Demographic_Data (user_id, demographics_id) VALUES (2, 2);
INSERT INTO User_Demographic_Data (user_id, demographics_id) VALUES (3, 3);
INSERT INTO User_Demographic_Data (user_id, demographics_id) VALUES (4, 4);
INSERT INTO User_Demographic_Data (user_id, demographics_id) VALUES (5, 5);
INSERT INTO User_Demographic_Data (user_id, demographics_id) VALUES (6, 6);
INSERT INTO User_Demographic_Data (user_id, demographics_id) VALUES (7, 7);
INSERT INTO User_Demographic_Data (user_id, demographics_id) VALUES (8, 8);
INSERT INTO User_Demographic_Data (user_id, demographics_id) VALUES (9, 9);
INSERT INTO User_Demographic_Data (user_id, demographics_id) VALUES (10, 10);
INSERT INTO User_Demographic_Data (user_id, demographics_id) VALUES (11, 11);
INSERT INTO User_Demographic_Data (user_id, demographics_id) VALUES (12, 12);
INSERT INTO User_Demographic_Data (user_id, demographics_id) VALUES (13, 13);
INSERT INTO User_Demographic_Data (user_id, demographics_id) VALUES (14, 14);
INSERT INTO User_Demographic_Data (user_id, demographics_id) VALUES (15, 15);
INSERT INTO User_Demographic_Data (user_id, demographics_id) VALUES (16, 16);
INSERT INTO User_Demographic_Data (user_id, demographics_id) VALUES (17, 17);
INSERT INTO User_Demographic_Data (user_id, demographics_id) VALUES (18, 18);
INSERT INTO User_Demographic_Data (user_id, demographics_id) VALUES (19, 19);
INSERT INTO User_Demographic_Data (user_id, demographics_id) VALUES (20, 20);
INSERT INTO User_Demographic_Data (user_id, demographics_id) VALUES (21, 21);
INSERT INTO User_Demographic_Data (user_id, demographics_id) VALUES (22, 22);
INSERT INTO User_Demographic_Data (user_id, demographics_id) VALUES (23, 23);
INSERT INTO User_Demographic_Data (user_id, demographics_id) VALUES (24, 24);
INSERT INTO User_Demographic_Data (user_id, demographics_id) VALUES (25, 25);
INSERT INTO User_Demographic_Data (user_id, demographics_id) VALUES (26, 26);
INSERT INTO User_Demographic_Data (user_id, demographics_id) VALUES (27, 27);
INSERT INTO User_Demographic_Data (user_id, demographics_id) VALUES (28, 28);
INSERT INTO User_Demographic_Data (user_id, demographics_id) VALUES (29, 29);
INSERT INTO User_Demographic_Data (user_id, demographics_id) VALUES (30, 30);
INSERT INTO User_Demographic_Data (user_id, demographics_id) VALUES (31, 31);
INSERT INTO User_Demographic_Data (user_id, demographics_id) VALUES (32, 32);
INSERT INTO User_Demographic_Data (user_id, demographics_id) VALUES (33, 33);
INSERT INTO User_Demographic_Data (user_id, demographics_id) VALUES (34, 34);
INSERT INTO User_Demographic_Data (user_id, demographics_id) VALUES (35, 35);
INSERT INTO User_Demographic_Data (user_id, demographics_id) VALUES (36, 36);
INSERT INTO User_Demographic_Data (user_id, demographics_id) VALUES (37, 37);
INSERT INTO User_Demographic_Data (user_id, demographics_id) VALUES (38, 38);
INSERT INTO User_Demographic_Data (user_id, demographics_id) VALUES (39, 39);
INSERT INTO User_Demographic_Data (user_id, demographics_id) VALUES (40, 40);
INSERT INTO User_Demographic_Data (user_id, demographics_id) VALUES (41, 41);
INSERT INTO User_Demographic_Data (user_id, demographics_id) VALUES (42, 42);
INSERT INTO User_Demographic_Data (user_id, demographics_id) VALUES (43, 43);
INSERT INTO User_Demographic_Data (user_id, demographics_id) VALUES (44, 44);
INSERT INTO User_Demographic_Data (user_id, demographics_id) VALUES (45, 45);
INSERT INTO User_Demographic_Data (user_id, demographics_id) VALUES (46, 46);
INSERT INTO User_Demographic_Data (user_id, demographics_id) VALUES (47, 47);
INSERT INTO User_Demographic_Data (user_id, demographics_id) VALUES (48, 48);
INSERT INTO User_Demographic_Data (user_id, demographics_id) VALUES (49, 49);
INSERT INTO User_Demographic_Data (user_id, demographics_id) VALUES (50, 50);
INSERT INTO User_Demographic_Data (user_id, demographics_id) VALUES (51, 51);
INSERT INTO User_Demographic_Data (user_id, demographics_id) VALUES (52, 52);
INSERT INTO User_Demographic_Data (user_id, demographics_id) VALUES (53, 53);
INSERT INTO User_Demographic_Data (user_id, demographics_id) VALUES (54, 54);
INSERT INTO User_Demographic_Data (user_id, demographics_id) VALUES (55, 55);
INSERT INTO User_Demographic_Data (user_id, demographics_id) VALUES (56, 56);
INSERT INTO User_Demographic_Data (user_id, demographics_id) VALUES (57, 57);
INSERT INTO User_Demographic_Data (user_id, demographics_id) VALUES (58, 58);
INSERT INTO User_Demographic_Data (user_id, demographics_id) VALUES (59, 59);
INSERT INTO User_Demographic_Data (user_id, demographics_id) VALUES (60, 60);
INSERT INTO User_Demographic_Data (user_id, demographics_id) VALUES (61, 61);
INSERT INTO User_Demographic_Data (user_id, demographics_id) VALUES (62, 62);
INSERT INTO User_Demographic_Data (user_id, demographics_id) VALUES (63, 63);
INSERT INTO User_Demographic_Data (user_id, demographics_id) VALUES (64, 64);
INSERT INTO User_Demographic_Data (user_id, demographics_id) VALUES (65, 65);
INSERT INTO User_Demographic_Data (user_id, demographics_id) VALUES (66, 66);
INSERT INTO User_Demographic_Data (user_id, demographics_id) VALUES (67, 67);
INSERT INTO User_Demographic_Data (user_id, demographics_id) VALUES (68, 68);
INSERT INTO User_Demographic_Data (user_id, demographics_id) VALUES (69, 69);
INSERT INTO User_Demographic_Data (user_id, demographics_id) VALUES (70, 70);
INSERT INTO User_Demographic_Data (user_id, demographics_id) VALUES (71, 71);
INSERT INTO User_Demographic_Data (user_id, demographics_id) VALUES (72, 72);
INSERT INTO User_Demographic_Data (user_id, demographics_id) VALUES (73, 73);
INSERT INTO User_Demographic_Data (user_id, demographics_id) VALUES (74, 74);
INSERT INTO User_Demographic_Data (user_id, demographics_id) VALUES (75, 75);
INSERT INTO User_Demographic_Data (user_id, demographics_id) VALUES (76, 76);
INSERT INTO User_Demographic_Data (user_id, demographics_id) VALUES (77, 77);
INSERT INTO User_Demographic_Data (user_id, demographics_id) VALUES (78, 78);
INSERT INTO User_Demographic_Data (user_id, demographics_id) VALUES (79, 79);
INSERT INTO User_Demographic_Data (user_id, demographics_id) VALUES (80, 80);
INSERT INTO User_Demographic_Data (user_id, demographics_id) VALUES (81, 81);
INSERT INTO User_Demographic_Data (user_id, demographics_id) VALUES (82, 82);
INSERT INTO User_Demographic_Data (user_id, demographics_id) VALUES (83, 83);
INSERT INTO User_Demographic_Data (user_id, demographics_id) VALUES (84, 84);
INSERT INTO User_Demographic_Data (user_id, demographics_id) VALUES (85, 85);
INSERT INTO User_Demographic_Data (user_id, demographics_id) VALUES (86, 86);
INSERT INTO User_Demographic_Data (user_id, demographics_id) VALUES (87, 87);
INSERT INTO User_Demographic_Data (user_id, demographics_id) VALUES (88, 88);
INSERT INTO User_Demographic_Data (user_id, demographics_id) VALUES (89, 89);
INSERT INTO User_Demographic_Data (user_id, demographics_id) VALUES (90, 90);
INSERT INTO User_Demographic_Data (user_id, demographics_id) VALUES (91, 91);
INSERT INTO User_Demographic_Data (user_id, demographics_id) VALUES (92, 92);
INSERT INTO User_Demographic_Data (user_id, demographics_id) VALUES (93, 93);
INSERT INTO User_Demographic_Data (user_id, demographics_id) VALUES (94, 94);
INSERT INTO User_Demographic_Data (user_id, demographics_id) VALUES (95, 95);
INSERT INTO User_Demographic_Data (user_id, demographics_id) VALUES (96, 96);
INSERT INTO User_Demographic_Data (user_id, demographics_id) VALUES (97, 97);
INSERT INTO User_Demographic_Data (user_id, demographics_id) VALUES (98, 98);
INSERT INTO User_Demographic_Data (user_id, demographics_id) VALUES (99, 99);
INSERT INTO User_Demographic_Data (user_id, demographics_id) VALUES (100, 100);
INSERT INTO User_Demographic_Data (user_id, demographics_id) VALUES (101, 101);
INSERT INTO User_Demographic_Data (user_id, demographics_id) VALUES (102, 102);
INSERT INTO User_Demographic_Data (user_id, demographics_id) VALUES (103, 103);
INSERT INTO User_Demographic_Data (user_id, demographics_id) VALUES (104, 104);
INSERT INTO User_Demographic_Data (user_id, demographics_id) VALUES (105, 105);
INSERT INTO User_Demographic_Data (user_id, demographics_id) VALUES (106, 106);
INSERT INTO User_Demographic_Data (user_id, demographics_id) VALUES (107, 107);
INSERT INTO User_Demographic_Data (user_id, demographics_id) VALUES (108, 108);
INSERT INTO User_Demographic_Data (user_id, demographics_id) VALUES (109, 109);
INSERT INTO User_Demographic_Data (user_id, demographics_id) VALUES (110, 110);
INSERT INTO User_Demographic_Data (user_id, demographics_id) VALUES (111, 111);
INSERT INTO User_Demographic_Data (user_id, demographics_id) VALUES (112, 112);
INSERT INTO User_Demographic_Data (user_id, demographics_id) VALUES (113, 113);
INSERT INTO User_Demographic_Data (user_id, demographics_id) VALUES (114, 114);
INSERT INTO User_Demographic_Data (user_id, demographics_id) VALUES (115, 115);
INSERT INTO User_Demographic_Data (user_id, demographics_id) VALUES (116, 116);
INSERT INTO User_Demographic_Data (user_id, demographics_id) VALUES (117, 117);
INSERT INTO User_Demographic_Data (user_id, demographics_id) VALUES (118, 118);
INSERT INTO User_Demographic_Data (user_id, demographics_id) VALUES (119, 119);
INSERT INTO User_Demographic_Data (user_id, demographics_id) VALUES (120, 120);
INSERT INTO User_Demographic_Data (user_id, demographics_id) VALUES (121, 121);
INSERT INTO User_Demographic_Data (user_id, demographics_id) VALUES (122, 122);
INSERT INTO User_Demographic_Data (user_id, demographics_id) VALUES (123, 123);
INSERT INTO User_Demographic_Data (user_id, demographics_id) VALUES (124, 124);
INSERT INTO User_Demographic_Data (user_id, demographics_id) VALUES (125, 125);

-- 125 INSERT statements for the Feedback table
INSERT INTO Feedback (user_id, app_discovery, app_enjoyment, improvement_suggestions, similar_apps, most_useful_feature) VALUES (1, 'Found it through a friend recommendation', 'The app is very user-friendly and intuitive', 'Add dark mode and improve loading times', 'FitBit, MyFitnessPal, Nike Training Club', 'Workout tracking');
INSERT INTO Feedback (user_id, app_discovery, app_enjoyment, improvement_suggestions, similar_apps, most_useful_feature) VALUES (2, 'Social media advertisement', 'Enjoying the customized workout plans', 'Need more variety in beginner workouts', 'Strava, Fitbod', 'Exercise library');
INSERT INTO Feedback (user_id, app_discovery, app_enjoyment, improvement_suggestions, similar_apps, most_useful_feature) VALUES (3, 'Google Play Store', 'Great interface but sometimes crashes', 'Fix stability issues and add more yoga routines', 'Peloton, Apple Fitness+', 'Progress tracking');
INSERT INTO Feedback (user_id, app_discovery, app_enjoyment, improvement_suggestions, similar_apps, most_useful_feature) VALUES (4, 'Instagram ad', 'Love the community challenges', 'Add ability to connect with more friends', 'Adidas Training, JEFIT', 'Community challenges');
INSERT INTO Feedback (user_id, app_discovery, app_enjoyment, improvement_suggestions, similar_apps, most_useful_feature) VALUES (5, 'App Store recommendation', 'The nutrition tracking is excellent', 'Would like more recipe suggestions', 'MyFitnessPal, Lose It!', 'Nutrition tracking');
INSERT INTO Feedback (user_id, app_discovery, app_enjoyment, improvement_suggestions, similar_apps, most_useful_feature) VALUES (6, 'YouTube review', 'Great for tracking my weight training', 'Need better syncing with Apple Health', 'Strong, FitNotes', 'Weight progression charts');
INSERT INTO Feedback (user_id, app_discovery, app_enjoyment, improvement_suggestions, similar_apps, most_useful_feature) VALUES (7, 'Fitness blog', 'Perfect for my home workouts', 'Add more equipment-free exercises', 'Home Workout, Seven', 'Home workout routines');
INSERT INTO Feedback (user_id, app_discovery, app_enjoyment, improvement_suggestions, similar_apps, most_useful_feature) VALUES (8, 'Personal trainer recommended it', 'Helps me stay motivated', 'Would like more achievement badges', 'Nike Training Club, Aaptiv', 'Workout reminders');
INSERT INTO Feedback (user_id, app_discovery, app_enjoyment, improvement_suggestions, similar_apps, most_useful_feature) VALUES (9, 'Facebook ad', 'Great for tracking runs', 'Need better GPS accuracy', 'Strava, Runkeeper', 'Running analytics');
INSERT INTO Feedback (user_id, app_discovery, app_enjoyment, improvement_suggestions, similar_apps, most_useful_feature) VALUES (10, 'Friend showed me', 'Love the interval timer', 'Add more HIIT workout varieties', 'Interval Timer, Tabata Timer', 'Interval training');
INSERT INTO Feedback (user_id, app_discovery, app_enjoyment, improvement_suggestions, similar_apps, most_useful_feature) VALUES (11, 'Reddit recommendation', 'Great for tracking my lifting progress', 'Add 1RM calculation feature', 'Strong, Fitbod', 'Strength progression');
INSERT INTO Feedback (user_id, app_discovery, app_enjoyment, improvement_suggestions, similar_apps, most_useful_feature) VALUES (12, 'Twitter post', 'Enjoying the meditation sessions', 'Need more guided sessions', 'Calm, Headspace', 'Meditation guides');
INSERT INTO Feedback (user_id, app_discovery, app_enjoyment, improvement_suggestions, similar_apps, most_useful_feature) VALUES (13, 'Fitness magazine', 'The app helps me stay consistent', 'Would like weekly summary emails', 'MyFitnessPal, FitBit', 'Habit tracking');
INSERT INTO Feedback (user_id, app_discovery, app_enjoyment, improvement_suggestions, similar_apps, most_useful_feature) VALUES (14, 'Google search', 'Great for tracking my calories', 'Need more barcode scanning options', 'Lose It!, Cronometer', 'Calorie counter');
INSERT INTO Feedback (user_id, app_discovery, app_enjoyment, improvement_suggestions, similar_apps, most_useful_feature) VALUES (15, 'TV commercial', 'Love the workout videos', 'Videos buffer sometimes', 'Peloton, Apple Fitness+', 'Video workouts');
INSERT INTO Feedback (user_id, app_discovery, app_enjoyment, improvement_suggestions, similar_apps, most_useful_feature) VALUES (16, 'App Store featured', 'The sleep tracking is useful', 'Add more sleep analysis metrics', 'Sleep Cycle, Pillow', 'Sleep quality monitoring');
INSERT INTO Feedback (user_id, app_discovery, app_enjoyment, improvement_suggestions, similar_apps, most_useful_feature) VALUES (17, 'Billboard ad', 'Great for tracking water intake', 'Add reminders for water consumption', 'WaterMinder, Hydro Coach', 'Hydration tracking');
INSERT INTO Feedback (user_id, app_discovery, app_enjoyment, improvement_suggestions, similar_apps, most_useful_feature) VALUES (18, 'Email newsletter', 'The meal planning is helpful', 'Need more vegetarian options', 'Mealime, Yummly', 'Meal planning');
INSERT INTO Feedback (user_id, app_discovery, app_enjoyment, improvement_suggestions, similar_apps, most_useful_feature) VALUES (19, 'Podcast ad', 'Love the yoga sequences', 'Add more advanced poses', 'Down Dog, Yoga Studio', 'Yoga routines');
INSERT INTO Feedback (user_id, app_discovery, app_enjoyment, improvement_suggestions, similar_apps, most_useful_feature) VALUES (20, 'Gym promotion', 'Great for tracking gym attendance', 'Add gym busyness feature', 'GymPass, Mindbody', 'Gym check-ins');
INSERT INTO Feedback (user_id, app_discovery, app_enjoyment, improvement_suggestions, similar_apps, most_useful_feature) VALUES (21, 'LinkedIn post', 'The app helps with my work-life balance', 'Add stress management features', 'Headspace, Calm', 'Work-life balance tips');
INSERT INTO Feedback (user_id, app_discovery, app_enjoyment, improvement_suggestions, similar_apps, most_useful_feature) VALUES (22, 'Family member suggestion', 'Enjoying the step counter', 'Battery drain issues when tracking steps', 'Pedometer, Google Fit', 'Step tracking');
INSERT INTO Feedback (user_id, app_discovery, app_enjoyment, improvement_suggestions, similar_apps, most_useful_feature) VALUES (23, 'Health blog', 'Great for tracking macros', 'Add more detailed macro breakdowns', 'MacroFactor, MyFitnessPal', 'Macro tracking');
INSERT INTO Feedback (user_id, app_discovery, app_enjoyment, improvement_suggestions, similar_apps, most_useful_feature) VALUES (24, 'TikTok trend', 'Love the quick workout ideas', 'Add more 5-minute workouts', 'Seven, Quick Fit', 'Quick workouts');
INSERT INTO Feedback (user_id, app_discovery, app_enjoyment, improvement_suggestions, similar_apps, most_useful_feature) VALUES (25, 'Doctor recommendation', 'Helps monitor my recovery', 'Add heart rate variability tracking', 'Whoop, Oura', 'Recovery tracking');
INSERT INTO Feedback (user_id, app_discovery, app_enjoyment, improvement_suggestions, similar_apps, most_useful_feature) VALUES (26, 'Fitness conference', 'Great for professional workout planning', 'Add client management features', 'TrueCoach, TrainHeroic', 'Workout planning');
INSERT INTO Feedback (user_id, app_discovery, app_enjoyment, improvement_suggestions, similar_apps, most_useful_feature) VALUES (27, 'News article', 'The habit tracker is motivating', 'Add more habit categories', 'Habitica, Streaks', 'Habit tracking');
INSERT INTO Feedback (user_id, app_discovery, app_enjoyment, improvement_suggestions, similar_apps, most_useful_feature) VALUES (28, 'Snapchat ad', 'Love the social sharing features', 'Add Instagram integration', 'Strava, Nike Run Club', 'Social sharing');
INSERT INTO Feedback (user_id, app_discovery, app_enjoyment, improvement_suggestions, similar_apps, most_useful_feature) VALUES (29, 'University gym', 'Great for tracking sports activities', 'Add more team sports', 'Sports Tracker, Decathlon Coach', 'Sports tracking');
INSERT INTO Feedback (user_id, app_discovery, app_enjoyment, improvement_suggestions, similar_apps, most_useful_feature) VALUES (30, 'Physical therapist', 'Helpful for rehab exercises', 'Need more detailed form guides', 'Kaia, Rehab Guru', 'Exercise form guidance');
INSERT INTO Feedback (user_id, app_discovery, app_enjoyment, improvement_suggestions, similar_apps, most_useful_feature) VALUES (31, 'Coworker recommendation', 'Great for office workouts', 'Add more desk-friendly exercises', 'Office Workout, Desk Job Relief', 'Office fitness');
INSERT INTO Feedback (user_id, app_discovery, app_enjoyment, improvement_suggestions, similar_apps, most_useful_feature) VALUES (32, 'Fitness influencer', 'Love the celebrity workouts', 'Add more variety of trainers', 'Centr, FitOn', 'Celebrity workout routines');
INSERT INTO Feedback (user_id, app_discovery, app_enjoyment, improvement_suggestions, similar_apps, most_useful_feature) VALUES (33, 'Tech blog review', 'The wearable integration is seamless', 'Support more wearable brands', 'Garmin Connect, Polar Flow', 'Wearable sync');
INSERT INTO Feedback (user_id, app_discovery, app_enjoyment, improvement_suggestions, similar_apps, most_useful_feature) VALUES (34, 'Spotify ad', 'Great workout playlists', 'Add more music variety', 'Fit Radio, RockMyRun', 'Workout music');
INSERT INTO Feedback (user_id, app_discovery, app_enjoyment, improvement_suggestions, similar_apps, most_useful_feature) VALUES (35, 'Hotel gym recommendation', 'Perfect for travel workouts', 'Add more hotel-friendly workouts', 'Hotel Workouts, Fitness Traveller', 'Travel workout routines');
INSERT INTO Feedback (user_id, app_discovery, app_enjoyment, improvement_suggestions, similar_apps, most_useful_feature) VALUES (36, 'Pinterest', 'The recipe ideas are great', 'Need more dietary restriction options', 'Yummly, Mealime', 'Healthy recipes');
INSERT INTO Feedback (user_id, app_discovery, app_enjoyment, improvement_suggestions, similar_apps, most_useful_feature) VALUES (37, 'Online fitness course', 'Love the training programs', 'Add more advanced programs', 'JuggernautAI, RP Diet', 'Structured programs');
INSERT INTO Feedback (user_id, app_discovery, app_enjoyment, improvement_suggestions, similar_apps, most_useful_feature) VALUES (38, 'Airport ad', 'Great for jetlag workouts', 'Add timezone adjustment features', 'Timeshifter, Jetlag Rooster', 'Travel fitness');
INSERT INTO Feedback (user_id, app_discovery, app_enjoyment, improvement_suggestions, similar_apps, most_useful_feature) VALUES (39, 'Online forum', 'The community support is motivating', 'Add more community challenges', 'MyFitnessPal, Strava', 'Community support');
INSERT INTO Feedback (user_id, app_discovery, app_enjoyment, improvement_suggestions, similar_apps, most_useful_feature) VALUES (40, 'Nutritionist', 'Great for macro tracking', 'Add micronutrient tracking', 'Cronometer, Lifesum', 'Nutrition analysis');
INSERT INTO Feedback (user_id, app_discovery, app_enjoyment, improvement_suggestions, similar_apps, most_useful_feature) VALUES (41, 'CrossFit gym', 'Perfect for tracking WODs', 'Add more CrossFit benchmarks', 'SugarWOD, Beyond the Whiteboard', 'WOD tracking');
INSERT INTO Feedback (user_id, app_discovery, app_enjoyment, improvement_suggestions, similar_apps, most_useful_feature) VALUES (42, 'Wellness program at work', 'Helps with workplace wellness', 'Add team challenges for coworkers', 'Virgin Pulse, Wellable', 'Workplace wellness');
INSERT INTO Feedback (user_id, app_discovery, app_enjoyment, improvement_suggestions, similar_apps, most_useful_feature) VALUES (43, 'Amazon suggestion', 'Great for equipment recommendations', 'Add more budget-friendly options', 'Wirecutter Fitness, GymShark', 'Equipment guides');
INSERT INTO Feedback (user_id, app_discovery, app_enjoyment, improvement_suggestions, similar_apps, most_useful_feature) VALUES (44, 'Twitch streamer', 'Love the gaming-inspired workouts', 'Add more gamification elements', 'Zombies Run, Ring Fit Adventure', 'Gamified workouts');
INSERT INTO Feedback (user_id, app_discovery, app_enjoyment, improvement_suggestions, similar_apps, most_useful_feature) VALUES (45, 'Fitness competition', 'Great for competitive tracking', 'Add more leaderboards', 'Wodify, Competition Corner', 'Competition prep');
INSERT INTO Feedback (user_id, app_discovery, app_enjoyment, improvement_suggestions, similar_apps, most_useful_feature) VALUES (46, 'College professor', 'Helpful for learning exercise science', 'Add more educational content', 'Muscle Wiki, Anatomy Atlas', 'Exercise education');
INSERT INTO Feedback (user_id, app_discovery, app_enjoyment, improvement_suggestions, similar_apps, most_useful_feature) VALUES (47, 'Sports team', 'Great for team training', 'Add team synchronization features', 'TeamBuildr, SportEasy', 'Team workouts');
INSERT INTO Feedback (user_id, app_discovery, app_enjoyment, improvement_suggestions, similar_apps, most_useful_feature) VALUES (48, 'Physical education class', 'Perfect for young athletes', 'Add more age-appropriate content', 'SuperBetter, GoNoodle', 'Youth fitness');
INSERT INTO Feedback (user_id, app_discovery, app_enjoyment, improvement_suggestions, similar_apps, most_useful_feature) VALUES (49, 'Rehab center', 'Helpful for injury recovery', 'Add pain tracking features', 'Kaia Health, Physiotec', 'Rehab exercises');
INSERT INTO Feedback (user_id, app_discovery, app_enjoyment, improvement_suggestions, similar_apps, most_useful_feature) VALUES (50, 'Marathon expo', 'Great for race training', 'Add more race-specific plans', 'Nike Run Club, Runkeeper', 'Race training plans');
INSERT INTO Feedback (user_id, app_discovery, app_enjoyment, improvement_suggestions, similar_apps, most_useful_feature) VALUES (51, 'Cycling club', 'Love the cycling metrics', 'Add wind and elevation considerations', 'Strava, Zwift', 'Cycling analytics');
INSERT INTO Feedback (user_id, app_discovery, app_enjoyment, improvement_suggestions, similar_apps, most_useful_feature) VALUES (52, 'Yoga studio', 'The yoga flows are well designed', 'Add more meditation options', 'Down Dog, Yoga Studio', 'Yoga sequences');
INSERT INTO Feedback (user_id, app_discovery, app_enjoyment, improvement_suggestions, similar_apps, most_useful_feature) VALUES (53, 'Health insurance program', 'Great for health incentives', 'Add insurance premium discount tracking', 'UnitedHealth Motion, Vitality', 'Health rewards');
INSERT INTO Feedback (user_id, app_discovery, app_enjoyment, improvement_suggestions, similar_apps, most_useful_feature) VALUES (54, 'Bookstore fitness section', 'The educational content is excellent', 'Add more cited scientific sources', 'Examine.com, Precision Nutrition', 'Evidence-based content');
INSERT INTO Feedback (user_id, app_discovery, app_enjoyment, improvement_suggestions, similar_apps, most_useful_feature) VALUES (55, 'Sports medicine doctor', 'Helpful for safe progression', 'Add injury risk assessment', 'Trainheroic, Volt Athletics', 'Injury prevention');
INSERT INTO Feedback (user_id, app_discovery, app_enjoyment, improvement_suggestions, similar_apps, most_useful_feature) VALUES (56, 'Tech conference', 'The data visualization is excellent', 'Add more export options', 'Training Peaks, Final Surge', 'Data analytics');
INSERT INTO Feedback (user_id, app_discovery, app_enjoyment, improvement_suggestions, similar_apps, most_useful_feature) VALUES (57, 'Online dating profile', 'Great for active lifestyle matching', 'Add partner workout options', 'Fit Singles, TeamUp', 'Partner workouts');
INSERT INTO Feedback (user_id, app_discovery, app_enjoyment, improvement_suggestions, similar_apps, most_useful_feature) VALUES (58, 'Hiking group', 'Love the trail recommendations', 'Add offline maps', 'AllTrails, Komoot', 'Trail guides');
INSERT INTO Feedback (user_id, app_discovery, app_enjoyment, improvement_suggestions, similar_apps, most_useful_feature) VALUES (59, 'Weight loss program', 'Helpful for staying accountable', 'Add more celebration of non-scale victories', 'Noom, Weight Watchers', 'Progress tracking');
INSERT INTO Feedback (user_id, app_discovery, app_enjoyment, improvement_suggestions, similar_apps, most_useful_feature) VALUES (60, 'Smartwatch setup', 'Great smartwatch integration', 'Support more watch faces', 'Garmin Connect, Fitbit', 'Wearable controls');
INSERT INTO Feedback (user_id, app_discovery, app_enjoyment, improvement_suggestions, similar_apps, most_useful_feature) VALUES (61, 'Sport store display', 'The gear recommendations are spot on', 'Add price comparison', 'REI, Dick\'s Sporting Goods', 'Gear reviews');
INSERT INTO Feedback (user_id, app_discovery, app_enjoyment, improvement_suggestions, similar_apps, most_useful_feature) VALUES (62, 'New Years resolution tool', 'Helping me keep my fitness goals', 'Add more accountability features', 'Stickk, Coach.me', 'Goal setting');
INSERT INTO Feedback (user_id, app_discovery, app_enjoyment, improvement_suggestions, similar_apps, most_useful_feature) VALUES (63, 'Parenting magazine', 'Great for postpartum fitness', 'Add child-friendly workout options', 'Mommy Strong, Baby and Me Fitness', 'Postpartum workouts');
INSERT INTO Feedback (user_id, app_discovery, app_enjoyment, improvement_suggestions, similar_apps, most_useful_feature) VALUES (64, 'Seniors program', 'Perfect for older adults', 'Add more joint-friendly exercises', 'Silver Sneakers, ElderGym', 'Senior-friendly exercises');
INSERT INTO Feedback (user_id, app_discovery, app_enjoyment, improvement_suggestions, similar_apps, most_useful_feature) VALUES (65, 'Corporate wellness', 'Great for workplace challenges', 'Add team progress visualization', 'Wellable, Wellteq', 'Team challenges');
INSERT INTO Feedback (user_id, app_discovery, app_enjoyment, improvement_suggestions, similar_apps, most_useful_feature) VALUES (66, 'App bundle', 'Good value with other health apps', 'Improve cross-app integration', 'Apple One, Google Fit', 'App ecosystem integration');
INSERT INTO Feedback (user_id, app_discovery, app_enjoyment, improvement_suggestions, similar_apps, most_useful_feature) VALUES (67, 'Movie product placement', 'Stylish interface like in the movie', 'Add more themes', 'Samsung Health, Google Fit', 'User interface');
INSERT INTO Feedback (user_id, app_discovery, app_enjoyment, improvement_suggestions, similar_apps, most_useful_feature) VALUES (68, 'Virtual race packet', 'Great for virtual events', 'Add more virtual medals', 'Virtual Run Events, Medal Dash', 'Virtual race tracking');
INSERT INTO Feedback (user_id, app_discovery, app_enjoyment, improvement_suggestions, similar_apps, most_useful_feature) VALUES (69, 'Weight lifting competition', 'Perfect for powerlifting', 'Add more powerlifting standards', 'Strong, BTWB', 'Strength standards');
INSERT INTO Feedback (user_id, app_discovery, app_enjoyment, improvement_suggestions, similar_apps, most_useful_feature) VALUES (70, 'Martial arts studio', 'Great for technique tracking', 'Add more martial arts styles', 'BJJ Fanatics, Martial Arts Log', 'Technique library');
INSERT INTO Feedback (user_id, app_discovery, app_enjoyment, improvement_suggestions, similar_apps, most_useful_feature) VALUES (71, 'Physical therapy follow-up', 'Helps maintain my therapy routine', 'Add pain monitoring', 'Kaia, PT Timer', 'Therapy exercise tracking');
INSERT INTO Feedback (user_id, app_discovery, app_enjoyment, improvement_suggestions, similar_apps, most_useful_feature) VALUES (72, 'Swimming club', 'Love the swimming workouts', 'Add lane availability at local pools', 'MySwimPro, Swim.com', 'Swimming workouts');
INSERT INTO Feedback (user_id, app_discovery, app_enjoyment, improvement_suggestions, similar_apps, most_useful_feature) VALUES (73, 'Tennis coach', 'Great for tracking matches', 'Add more tennis-specific metrics', 'SwingVision, Tennis Math', 'Tennis performance');
INSERT INTO Feedback (user_id, app_discovery, app_enjoyment, improvement_suggestions, similar_apps, most_useful_feature) VALUES (74, 'Community center', 'Perfect for finding local activities', 'Add more community events', 'Meetup, Nextdoor', 'Local activity finder');
INSERT INTO Feedback (user_id, app_discovery, app_enjoyment, improvement_suggestions, similar_apps, most_useful_feature) VALUES (75, 'Sport psychologist', 'The mental prep features help', 'Add more visualization exercises', 'Headspace Sport, Lucid', 'Mental training');
INSERT INTO Feedback (user_id, app_discovery, app_enjoyment, improvement_suggestions, similar_apps, most_useful_feature) VALUES (76, 'Golf pro shop', 'Great for tracking golf fitness', 'Add golf-specific mobility exercises', 'Golf GameBook, 18Birdies', 'Golf-specific training');
INSERT INTO Feedback (user_id, app_discovery, app_enjoyment, improvement_suggestions, similar_apps, most_useful_feature) VALUES (77, 'Trail running event', 'Love the trail recommendations', 'Add elevation gain visuals', 'AllTrails, Gaia GPS', 'Trail difficulty ratings');
INSERT INTO Feedback (user_id, app_discovery, app_enjoyment, improvement_suggestions, similar_apps, most_useful_feature) VALUES (78, 'Climbing gym', 'Perfect for climbing training', 'Add more hangboard routines', 'Crimpd, Beastmaker', 'Climbing training');
INSERT INTO Feedback (user_id, app_discovery, app_enjoyment, improvement_suggestions, similar_apps, most_useful_feature) VALUES (79, 'Meal prep service', 'Great integration with meal delivery', 'Add more dietary restriction options', 'Trifecta, Factor75', 'Meal planning');
INSERT INTO Feedback (user_id, app_discovery, app_enjoyment, improvement_suggestions, similar_apps, most_useful_feature) VALUES (80, 'Ski resort', 'Helpful for ski fitness', 'Add more winter sport exercises', 'CARV, Slopes', 'Seasonal training');
INSERT INTO Feedback (user_id, app_discovery, app_enjoyment, improvement_suggestions, similar_apps, most_useful_feature) VALUES (81, 'Dance studio', 'Love the dance workouts', 'Add more dance styles', 'Just Dance Now, STEEZY', 'Dance cardio');
INSERT INTO Feedback (user_id, app_discovery, app_enjoyment, improvement_suggestions, similar_apps, most_useful_feature) VALUES (82, 'In-flight magazine', 'Great for travel workouts', 'Add more hotel room exercises', 'Aaptiv, Sworkit', 'Travel-friendly routines');
INSERT INTO Feedback (user_id, app_discovery, app_enjoyment, improvement_suggestions, similar_apps, most_useful_feature) VALUES (83, 'Sport nutritionist', 'The meal timing features are helpful', 'Add pre/post workout nutrition', 'RP Diet, MealLogger', 'Nutrition timing');
INSERT INTO Feedback (user_id, app_discovery, app_enjoyment, improvement_suggestions, similar_apps, most_useful_feature) VALUES (84, 'Functional fitness gym', 'Perfect for tracking functional movements', 'Add more movement assessments', 'HWPO, Comptrain', 'Movement library');
INSERT INTO Feedback (user_id, app_discovery, app_enjoyment, improvement_suggestions, similar_apps, most_useful_feature) VALUES (85, 'Recovery center', 'Great recovery tracking', 'Add more recovery modalities', 'Whoop, HRV4Training', 'Recovery metrics');
INSERT INTO Feedback (user_id, app_discovery, app_enjoyment, improvement_suggestions, similar_apps, most_useful_feature) VALUES (86, 'Triathlon club', 'Perfect for multi-sport training', 'Add brick workout suggestions', 'TrainingPeaks, Final Surge', 'Multi-sport tracking');
INSERT INTO Feedback (user_id, app_discovery, app_enjoyment, improvement_suggestions, similar_apps, most_useful_feature) VALUES (87, 'Sports researcher', 'The data analytics are impressive', 'Add more exportable metrics', 'Training Peaks, HRV4Training', 'Performance analytics');
INSERT INTO Feedback (user_id, app_discovery, app_enjoyment, improvement_suggestions, similar_apps, most_useful_feature) VALUES (88, 'Pilates studio', 'Love the Pilates workouts', 'Add more equipment-based routines', 'Club Pilates, Pilates Anytime', 'Pilates exercises');
INSERT INTO Feedback (user_id, app_discovery, app_enjoyment, improvement_suggestions, similar_apps, most_useful_feature) VALUES (89, 'Wellness retreat', 'Great for mindfulness integration', 'Add more mind-body connection exercises', 'Calm, Insight Timer', 'Mindfulness practice');
INSERT INTO Feedback (user_id, app_discovery, app_enjoyment, improvement_suggestions, similar_apps, most_useful_feature) VALUES (90, 'Health tech startup', 'The innovation is impressive', 'Add more cutting-edge features', 'WHOOP, Oura', 'Innovative metrics');
INSERT INTO Feedback (user_id, app_discovery, app_enjoyment, improvement_suggestions, similar_apps, most_useful_feature) VALUES (91, 'Sports equipment store', 'Helpful gear recommendations', 'Add price comparison for equipment', 'REI, Backcountry', 'Equipment suggestions');
INSERT INTO Feedback (user_id, app_discovery, app_enjoyment, improvement_suggestions, similar_apps, most_useful_feature) VALUES (92, 'Boxing gym', 'Great for boxing workouts', 'Add more shadowboxing routines', 'FightCamp, Title Boxing', 'Boxing combinations');
INSERT INTO Feedback (user_id, app_discovery, app_enjoyment, improvement_suggestions, similar_apps, most_useful_feature) VALUES (93, 'Mobility coach', 'The mobility assessments are valuable', 'Add more dynamic stretching', 'ROMWOD, GoWOD', 'Mobility routines');
INSERT INTO Feedback (user_id, app_discovery, app_enjoyment, improvement_suggestions, similar_apps, most_useful_feature) VALUES (94, 'Sports medicine clinic', 'Great for injury prevention', 'Add more prehab routines', 'Physiotec, Kaia', 'Injury prevention');
INSERT INTO Feedback (user_id, app_discovery, app_enjoyment, improvement_suggestions, similar_apps, most_useful_feature) VALUES (95, 'Wellness podcast', 'The holistic approach is refreshing', 'Add more lifestyle integration', 'Calm, Headspace', 'Lifestyle balance');
INSERT INTO Feedback (user_id, app_discovery, app_enjoyment, improvement_suggestions, similar_apps, most_useful_feature) VALUES (96, 'Beach volleyball league', 'Perfect for outdoor workouts', 'Add weather considerations', 'Beach Volleyball Trainer, Sand Training', 'Outdoor exercise');
INSERT INTO Feedback (user_id, app_discovery, app_enjoyment, improvement_suggestions, similar_apps, most_useful_feature) VALUES (97, 'Basketball tournament', 'Great basketball conditioning', 'Add more sport-specific drills', 'HomeCourt, Dribble Up', 'Sport-specific training');
INSERT INTO Feedback (user_id, app_discovery, app_enjoyment, improvement_suggestions, similar_apps, most_useful_feature) VALUES (98, 'Bodybuilding competition', 'Perfect for tracking physique changes', 'Add more posing tutorials', 'BodySpace, JEFIT', 'Physique tracking');
INSERT INTO Feedback (user_id, app_discovery, app_enjoyment, improvement_suggestions, similar_apps, most_useful_feature) VALUES (99, 'Summer camp', 'Great for outdoor activities', 'Add more family-friendly options', 'AllTrails, Geocaching', 'Outdoor activities');
INSERT INTO Feedback (user_id, app_discovery, app_enjoyment, improvement_suggestions, similar_apps, most_useful_feature) VALUES (100, 'Hospital wellness program', 'Helpful for medical monitoring', 'Add more condition-specific guidelines', 'Livongo, Omada Health', 'Health monitoring');
INSERT INTO Feedback (user_id, app_discovery, app_enjoyment, improvement_suggestions, similar_apps, most_useful_feature) VALUES (101, 'Social media challenge', 'Love the viral workout challenges', 'Add more trending exercises', 'TikTok Fitness, Instagram Workouts', 'Trending workouts');
INSERT INTO Feedback (user_id, app_discovery, app_enjoyment, improvement_suggestions, similar_apps, most_useful_feature) VALUES (102, 'Esports tournament', 'Great for gamer fitness', 'Add more wrist and eye exercises', 'Ritual Motion, Gaming Fitness', 'Gamer-focused exercises');
INSERT INTO Feedback (user_id, app_discovery, app_enjoyment, improvement_suggestions, similar_apps, most_useful_feature) VALUES (103, 'Airline magazine', 'Perfect for jet lag management', 'Add more time zone adaptation tips', 'Timeshifter, Jetlag Rooster', 'Travel recovery');
INSERT INTO Feedback (user_id, app_discovery, app_enjoyment, improvement_suggestions, similar_apps, most_useful_feature) VALUES (104, 'Parkour gym', 'Love the functional movement library', 'Add more progressive challenges', 'Thenx, BarStarzz', 'Movement progression');
INSERT INTO Feedback (user_id, app_discovery, app_enjoyment, improvement_suggestions, similar_apps, most_useful_feature) VALUES (105, 'Rowing club', 'Great for tracking rowing workouts', 'Add more technique videos', 'ErgData, Rowing Machine Workout', 'Rowing technique');
INSERT INTO Feedback (user_id, app_discovery, app_enjoyment, improvement_suggestions, similar_apps, most_useful_feature) VALUES (106, 'Nutrition store', 'The supplement tracking is helpful', 'Add more research on supplements', 'Examine.com, LabDoor', 'Supplement tracking');
INSERT INTO Feedback (user_id, app_discovery, app_enjoyment, improvement_suggestions, similar_apps, most_useful_feature) VALUES (107, 'Online fitness summit', 'The expert guidance is valuable', 'Add more expert Q&A sessions', 'RP Diet, JuggernautAI', 'Expert guidance');
INSERT INTO Feedback (user_id, app_discovery, app_enjoyment, improvement_suggestions, similar_apps, most_useful_feature) VALUES (108, 'Virtual trainer', 'Great for form feedback', 'Add more real-time form correction', 'Future, Freeletics', 'Form coaching');
INSERT INTO Feedback (user_id, app_discovery, app_enjoyment, improvement_suggestions, similar_apps, most_useful_feature) VALUES (109, 'Music app', 'Love the workout playlists', 'Add more BPM-based playlists', 'Fit Radio, RockMyRun', 'Workout music');
INSERT INTO Feedback (user_id, app_discovery, app_enjoyment, improvement_suggestions, similar_apps, most_useful_feature) VALUES (110, 'Stadium advertisement', 'Good for tracking sports-specific fitness', 'Add more sport-specific metrics', 'PlayerTek, Catapult', 'Sports performance');
INSERT INTO Feedback (user_id, app_discovery, app_enjoyment, improvement_suggestions, similar_apps, most_useful_feature) VALUES (111, 'Charity run', 'Great for tracking fundraising fitness', 'Add charity goal integration', 'Charity Miles, Strava', 'Charity integration');
INSERT INTO Feedback (user_id, app_discovery, app_enjoyment, improvement_suggestions, similar_apps, most_useful_feature) VALUES (112, 'Religious community', 'Appreciate the wholesome content', 'Add more family-friendly options', 'Faithful Workouts, PraiseMoves', 'Family-friendly content');
INSERT INTO Feedback (user_id, app_discovery, app_enjoyment, improvement_suggestions, similar_apps, most_useful_feature) VALUES (113, 'Farmers market', 'Love the seasonal recipe suggestions', 'Add local ingredient finder', 'Yummly, Mealime', 'Seasonal nutrition');
INSERT INTO Feedback (user_id, app_discovery, app_enjoyment, improvement_suggestions, similar_apps, most_useful_feature) VALUES (114, 'Language learning app', 'Interesting exercise terminology in different languages', 'Add more international workout styles', 'Duolingo, Babbel', 'Cultural fitness');
INSERT INTO Feedback (user_id, app_discovery, app_enjoyment, improvement_suggestions, similar_apps, most_useful_feature) VALUES (115, 'Occupational therapist', 'Great for work-related exercise', 'Add more ergonomic guidance', 'Upright GO, Posture Trainer', 'Workplace wellness');
INSERT INTO Feedback (user_id, app_discovery, app_enjoyment, improvement_suggestions, similar_apps, most_useful_feature) VALUES (116, 'Bookclub recommendation', 'The science explanations are excellent', 'Add more scientific references', 'Examine.com, Science Fit', 'Educational content');
INSERT INTO Feedback (user_id, app_discovery, app_enjoyment, improvement_suggestions, similar_apps, most_useful_feature) VALUES (117, 'Celebrity endorsement', 'Love the celebrity workout plans', 'Add more behind-the-scenes content', 'Centr, FitOn', 'Celebrity workouts');
INSERT INTO Feedback (user_id, app_discovery, app_enjoyment, improvement_suggestions, similar_apps, most_useful_feature) VALUES (118, 'Virtual reality setup', 'Great integration with VR fitness', 'Add more VR workout options', 'Supernatural, FitXR', 'VR workouts');
INSERT INTO Feedback (user_id, app_discovery, app_enjoyment, improvement_suggestions, similar_apps, most_useful_feature) VALUES (119, 'Prenatal class', 'Perfect for pregnancy workouts', 'Add more trimester-specific options', 'Baby2Body, Expectful', 'Prenatal fitness');
INSERT INTO Feedback (user_id, app_discovery, app_enjoyment, improvement_suggestions, similar_apps, most_useful_feature) VALUES (120, 'Disability advocate', 'Appreciate the adaptive workout options', 'Add more accessible features', 'Adaptive Training Foundation, Wheelchair Workouts', 'Adaptive fitness');
INSERT INTO Feedback (user_id, app_discovery, app_enjoyment, improvement_suggestions, similar_apps, most_useful_feature) VALUES (121, 'Motivational speaker', 'The daily motivation quotes help', 'Add more mindset coaching', 'Headspace, Calm', 'Motivational content');
INSERT INTO Feedback (user_id, app_discovery, app_enjoyment, improvement_suggestions, similar_apps, most_useful_feature) VALUES (122, 'Life coach', 'Great for habit building', 'Add more lifestyle integration', 'Fabulous, Habitify', 'Habit formation');
INSERT INTO Feedback (user_id, app_discovery, app_enjoyment, improvement_suggestions, similar_apps, most_useful_feature) VALUES (123, 'Parent-teacher association', 'Good for family fitness', 'Add more kid-friendly activities', 'GoNoodle, Family Fit', 'Family activities');
INSERT INTO Feedback (user_id, app_discovery, app_enjoyment, improvement_suggestions, similar_apps, most_useful_feature) VALUES (124, 'Public library', 'The educational resources are excellent', 'Add more scientific reading materials', 'Examine.com Research Digest, MASS', 'Educational resources');
INSERT INTO Feedback (user_id, app_discovery, app_enjoyment, improvement_suggestions, similar_apps, most_useful_feature) VALUES (125, 'Local news', 'Great for finding local fitness events', 'Add community event calendar', 'Meetup, Eventbrite', 'Local events');

-- 125 INSERT statements for the User_Feedback table
INSERT INTO User_Feedback (user_id, feedback_id) VALUES (1, 1);
INSERT INTO User_Feedback (user_id, feedback_id) VALUES (2, 2);
INSERT INTO User_Feedback (user_id, feedback_id) VALUES (3, 3);
INSERT INTO User_Feedback (user_id, feedback_id) VALUES (4, 4);
INSERT INTO User_Feedback (user_id, feedback_id) VALUES (5, 5);
INSERT INTO User_Feedback (user_id, feedback_id) VALUES (6, 6);
INSERT INTO User_Feedback (user_id, feedback_id) VALUES (7, 7);
INSERT INTO User_Feedback (user_id, feedback_id) VALUES (8, 8);
INSERT INTO User_Feedback (user_id, feedback_id) VALUES (9, 9);
INSERT INTO User_Feedback (user_id, feedback_id) VALUES (10, 10);
INSERT INTO User_Feedback (user_id, feedback_id) VALUES (11, 11);
INSERT INTO User_Feedback (user_id, feedback_id) VALUES (12, 12);
INSERT INTO User_Feedback (user_id, feedback_id) VALUES (13, 13);
INSERT INTO User_Feedback (user_id, feedback_id) VALUES (14, 14);
INSERT INTO User_Feedback (user_id, feedback_id) VALUES (15, 15);
INSERT INTO User_Feedback (user_id, feedback_id) VALUES (16, 16);
INSERT INTO User_Feedback (user_id, feedback_id) VALUES (17, 17);
INSERT INTO User_Feedback (user_id, feedback_id) VALUES (18, 18);
INSERT INTO User_Feedback (user_id, feedback_id) VALUES (19, 19);
INSERT INTO User_Feedback (user_id, feedback_id) VALUES (20, 20);
INSERT INTO User_Feedback (user_id, feedback_id) VALUES (21, 21);
INSERT INTO User_Feedback (user_id, feedback_id) VALUES (22, 22);
INSERT INTO User_Feedback (user_id, feedback_id) VALUES (23, 23);
INSERT INTO User_Feedback (user_id, feedback_id) VALUES (24, 24);
INSERT INTO User_Feedback (user_id, feedback_id) VALUES (25, 25);
INSERT INTO User_Feedback (user_id, feedback_id) VALUES (26, 26);
INSERT INTO User_Feedback (user_id, feedback_id) VALUES (27, 27);
INSERT INTO User_Feedback (user_id, feedback_id) VALUES (28, 28);
INSERT INTO User_Feedback (user_id, feedback_id) VALUES (29, 29);
INSERT INTO User_Feedback (user_id, feedback_id) VALUES (30, 30);
INSERT INTO User_Feedback (user_id, feedback_id) VALUES (31, 31);
INSERT INTO User_Feedback (user_id, feedback_id) VALUES (32, 32);
INSERT INTO User_Feedback (user_id, feedback_id) VALUES (33, 33);
INSERT INTO User_Feedback (user_id, feedback_id) VALUES (34, 34);
INSERT INTO User_Feedback (user_id, feedback_id) VALUES (35, 35);
INSERT INTO User_Feedback (user_id, feedback_id) VALUES (36, 36);
INSERT INTO User_Feedback (user_id, feedback_id) VALUES (37, 37);
INSERT INTO User_Feedback (user_id, feedback_id) VALUES (38, 38);
INSERT INTO User_Feedback (user_id, feedback_id) VALUES (39, 39);
INSERT INTO User_Feedback (user_id, feedback_id) VALUES (40, 40);
INSERT INTO User_Feedback (user_id, feedback_id) VALUES (41, 41);
INSERT INTO User_Feedback (user_id, feedback_id) VALUES (42, 42);
INSERT INTO User_Feedback (user_id, feedback_id) VALUES (43, 43);
INSERT INTO User_Feedback (user_id, feedback_id) VALUES (44, 44);
INSERT INTO User_Feedback (user_id, feedback_id) VALUES (45, 45);
INSERT INTO User_Feedback (user_id, feedback_id) VALUES (46, 46);
INSERT INTO User_Feedback (user_id, feedback_id) VALUES (47, 47);
INSERT INTO User_Feedback (user_id, feedback_id) VALUES (48, 48);
INSERT INTO User_Feedback (user_id, feedback_id) VALUES (49, 49);
INSERT INTO User_Feedback (user_id, feedback_id) VALUES (50, 50);
INSERT INTO User_Feedback (user_id, feedback_id) VALUES (51, 51);
INSERT INTO User_Feedback (user_id, feedback_id) VALUES (52, 52);
INSERT INTO User_Feedback (user_id, feedback_id) VALUES (53, 53);
INSERT INTO User_Feedback (user_id, feedback_id) VALUES (54, 54);
INSERT INTO User_Feedback (user_id, feedback_id) VALUES (55, 55);
INSERT INTO User_Feedback (user_id, feedback_id) VALUES (56, 56);
INSERT INTO User_Feedback (user_id, feedback_id) VALUES (57, 57);
INSERT INTO User_Feedback (user_id, feedback_id) VALUES (58, 58);
INSERT INTO User_Feedback (user_id, feedback_id) VALUES (59, 59);
INSERT INTO User_Feedback (user_id, feedback_id) VALUES (60, 60);
INSERT INTO User_Feedback (user_id, feedback_id) VALUES (61, 61);
INSERT INTO User_Feedback (user_id, feedback_id) VALUES (62, 62);
INSERT INTO User_Feedback (user_id, feedback_id) VALUES (63, 63);
INSERT INTO User_Feedback (user_id, feedback_id) VALUES (64, 64);
INSERT INTO User_Feedback (user_id, feedback_id) VALUES (65, 65);
INSERT INTO User_Feedback (user_id, feedback_id) VALUES (66, 66);
INSERT INTO User_Feedback (user_id, feedback_id) VALUES (67, 67);
INSERT INTO User_Feedback (user_id, feedback_id) VALUES (68, 68);
INSERT INTO User_Feedback (user_id, feedback_id) VALUES (69, 69);
INSERT INTO User_Feedback (user_id, feedback_id) VALUES (70, 70);
INSERT INTO User_Feedback (user_id, feedback_id) VALUES (71, 71);
INSERT INTO User_Feedback (user_id, feedback_id) VALUES (72, 72);
INSERT INTO User_Feedback (user_id, feedback_id) VALUES (73, 73);
INSERT INTO User_Feedback (user_id, feedback_id) VALUES (74, 74);
INSERT INTO User_Feedback (user_id, feedback_id) VALUES (75, 75);
INSERT INTO User_Feedback (user_id, feedback_id) VALUES (76, 76);
INSERT INTO User_Feedback (user_id, feedback_id) VALUES (77, 77);
INSERT INTO User_Feedback (user_id, feedback_id) VALUES (78, 78);
INSERT INTO User_Feedback (user_id, feedback_id) VALUES (79, 79);
INSERT INTO User_Feedback (user_id, feedback_id) VALUES (80, 80);
INSERT INTO User_Feedback (user_id, feedback_id) VALUES (81, 81);
INSERT INTO User_Feedback (user_id, feedback_id) VALUES (82, 82);
INSERT INTO User_Feedback (user_id, feedback_id) VALUES (83, 83);
INSERT INTO User_Feedback (user_id, feedback_id) VALUES (84, 84);
INSERT INTO User_Feedback (user_id, feedback_id) VALUES (85, 85);
INSERT INTO User_Feedback (user_id, feedback_id) VALUES (86, 86);
INSERT INTO User_Feedback (user_id, feedback_id) VALUES (87, 87);
INSERT INTO User_Feedback (user_id, feedback_id) VALUES (88, 88);
INSERT INTO User_Feedback (user_id, feedback_id) VALUES (89, 89);
INSERT INTO User_Feedback (user_id, feedback_id) VALUES (90, 90);
INSERT INTO User_Feedback (user_id, feedback_id) VALUES (91, 91);
INSERT INTO User_Feedback (user_id, feedback_id) VALUES (92, 92);
INSERT INTO User_Feedback (user_id, feedback_id) VALUES (93, 93);
INSERT INTO User_Feedback (user_id, feedback_id) VALUES (94, 94);
INSERT INTO User_Feedback (user_id, feedback_id) VALUES (95, 95);
INSERT INTO User_Feedback (user_id, feedback_id) VALUES (96, 96);
INSERT INTO User_Feedback (user_id, feedback_id) VALUES (97, 97);
INSERT INTO User_Feedback (user_id, feedback_id) VALUES (98, 98);
INSERT INTO User_Feedback (user_id, feedback_id) VALUES (99, 99);
INSERT INTO User_Feedback (user_id, feedback_id) VALUES (100, 100);
INSERT INTO User_Feedback (user_id, feedback_id) VALUES (101, 101);
INSERT INTO User_Feedback (user_id, feedback_id) VALUES (102, 102);
INSERT INTO User_Feedback (user_id, feedback_id) VALUES (103, 103);
INSERT INTO User_Feedback (user_id, feedback_id) VALUES (104, 104);
INSERT INTO User_Feedback (user_id, feedback_id) VALUES (105, 105);
INSERT INTO User_Feedback (user_id, feedback_id) VALUES (106, 106);
INSERT INTO User_Feedback (user_id, feedback_id) VALUES (107, 107);
INSERT INTO User_Feedback (user_id, feedback_id) VALUES (108, 108);
INSERT INTO User_Feedback (user_id, feedback_id) VALUES (109, 109);
INSERT INTO User_Feedback (user_id, feedback_id) VALUES (110, 110);
INSERT INTO User_Feedback (user_id, feedback_id) VALUES (111, 111);
INSERT INTO User_Feedback (user_id, feedback_id) VALUES (112, 112);
INSERT INTO User_Feedback (user_id, feedback_id) VALUES (113, 113);
INSERT INTO User_Feedback (user_id, feedback_id) VALUES (114, 114);
INSERT INTO User_Feedback (user_id, feedback_id) VALUES (115, 115);
INSERT INTO User_Feedback (user_id, feedback_id) VALUES (116, 116);
INSERT INTO User_Feedback (user_id, feedback_id) VALUES (117, 117);
INSERT INTO User_Feedback (user_id, feedback_id) VALUES (118, 118);
INSERT INTO User_Feedback (user_id, feedback_id) VALUES (119, 119);
INSERT INTO User_Feedback (user_id, feedback_id) VALUES (120, 120);
INSERT INTO User_Feedback (user_id, feedback_id) VALUES (121, 121);
INSERT INTO User_Feedback (user_id, feedback_id) VALUES (122, 122);
INSERT INTO User_Feedback (user_id, feedback_id) VALUES (123, 123);
INSERT INTO User_Feedback (user_id, feedback_id) VALUES (124, 124);
INSERT INTO User_Feedback (user_id, feedback_id) VALUES (125, 125);

-- 125 INSERT statements for the Sales_Report table
INSERT INTO Sales_Report (user_id, date_generated, new_subscribers, cancellations, revenue_generated, roi) VALUES (6, '2025-03-01', 100, 5, 5000.00, 2.5);
INSERT INTO Sales_Report (user_id, date_generated, new_subscribers, cancellations, revenue_generated, roi) VALUES (6, '2025-03-15', 150, 8, 7500.00, 3.2);
INSERT INTO Sales_Report (user_id, date_generated, new_subscribers, cancellations, revenue_generated, roi) VALUES (6, '2025-03-30', 120, 6, 6200.00, 2.8);
INSERT INTO Sales_Report (user_id, date_generated, new_subscribers, cancellations, revenue_generated, roi) VALUES (6, '2025-04-01', 130, 7, 6800.00, 2.9);
INSERT INTO Sales_Report (user_id, date_generated, new_subscribers, cancellations, revenue_generated, roi) VALUES (6, '2025-04-15', 145, 10, 7200.00, 3.1);
INSERT INTO Sales_Report (user_id, date_generated, new_subscribers, cancellations, revenue_generated, roi) VALUES (6, '2025-04-30', 160, 8, 8500.00, 3.4);
INSERT INTO Sales_Report (user_id, date_generated, new_subscribers, cancellations, revenue_generated, roi) VALUES (6, '2025-05-01', 140, 9, 7000.00, 3.0);
INSERT INTO Sales_Report (user_id, date_generated, new_subscribers, cancellations, revenue_generated, roi) VALUES (6, '2025-05-15', 155, 11, 7800.00, 3.3);
INSERT INTO Sales_Report (user_id, date_generated, new_subscribers, cancellations, revenue_generated, roi) VALUES (6, '2025-05-31', 170, 12, 8600.00, 3.5);
INSERT INTO Sales_Report (user_id, date_generated, new_subscribers, cancellations, revenue_generated, roi) VALUES (6, '2025-06-01', 165, 10, 8200.00, 3.4);
INSERT INTO Sales_Report (user_id, date_generated, new_subscribers, cancellations, revenue_generated, roi) VALUES (6, '2025-06-15', 175, 12, 8800.00, 3.6);
INSERT INTO Sales_Report (user_id, date_generated, new_subscribers, cancellations, revenue_generated, roi) VALUES (6, '2025-06-30', 180, 13, 9100.00, 3.7);
INSERT INTO Sales_Report (user_id, date_generated, new_subscribers, cancellations, revenue_generated, roi) VALUES (6, '2025-07-01', 178, 14, 8900.00, 3.6);
INSERT INTO Sales_Report (user_id, date_generated, new_subscribers, cancellations, revenue_generated, roi) VALUES (6, '2025-07-15', 185, 15, 9300.00, 3.8);
INSERT INTO Sales_Report (user_id, date_generated, new_subscribers, cancellations, revenue_generated, roi) VALUES (6, '2025-07-31', 190, 13, 9500.00, 3.9);
INSERT INTO Sales_Report (user_id, date_generated, new_subscribers, cancellations, revenue_generated, roi) VALUES (6, '2025-08-01', 187, 14, 9400.00, 3.8);
INSERT INTO Sales_Report (user_id, date_generated, new_subscribers, cancellations, revenue_generated, roi) VALUES (6, '2025-08-15', 195, 16, 9800.00, 4.0);
INSERT INTO Sales_Report (user_id, date_generated, new_subscribers, cancellations, revenue_generated, roi) VALUES (6, '2025-08-31', 200, 15, 10000.00, 4.1);
INSERT INTO Sales_Report (user_id, date_generated, new_subscribers, cancellations, revenue_generated, roi) VALUES (6, '2024-03-01', 50, 2, 2500.00, 1.2);
INSERT INTO Sales_Report (user_id, date_generated, new_subscribers, cancellations, revenue_generated, roi) VALUES (6, '2024-03-15', 55, 3, 2800.00, 1.3);
INSERT INTO Sales_Report (user_id, date_generated, new_subscribers, cancellations, revenue_generated, roi) VALUES (6, '2024-03-31', 60, 3, 3000.00, 1.4);
INSERT INTO Sales_Report (user_id, date_generated, new_subscribers, cancellations, revenue_generated, roi) VALUES (6, '2024-04-01', 58, 4, 2900.00, 1.3);
INSERT INTO Sales_Report (user_id, date_generated, new_subscribers, cancellations, revenue_generated, roi) VALUES (6, '2024-04-15', 62, 4, 3100.00, 1.4);
INSERT INTO Sales_Report (user_id, date_generated, new_subscribers, cancellations, revenue_generated, roi) VALUES (6, '2024-04-30', 65, 3, 3300.00, 1.5);
INSERT INTO Sales_Report (user_id, date_generated, new_subscribers, cancellations, revenue_generated, roi) VALUES (6, '2024-05-01', 64, 5, 3200.00, 1.4);
INSERT INTO Sales_Report (user_id, date_generated, new_subscribers, cancellations, revenue_generated, roi) VALUES (6, '2024-05-15', 68, 4, 3400.00, 1.5);
INSERT INTO Sales_Report (user_id, date_generated, new_subscribers, cancellations, revenue_generated, roi) VALUES (6, '2024-05-31', 70, 5, 3500.00, 1.6);
INSERT INTO Sales_Report (user_id, date_generated, new_subscribers, cancellations, revenue_generated, roi) VALUES (6, '2024-06-01', 72, 4, 3600.00, 1.6);
INSERT INTO Sales_Report (user_id, date_generated, new_subscribers, cancellations, revenue_generated, roi) VALUES (6, '2024-06-15', 75, 5, 3800.00, 1.7);
INSERT INTO Sales_Report (user_id, date_generated, new_subscribers, cancellations, revenue_generated, roi) VALUES (6, '2024-06-30', 78, 6, 3900.00, 1.7);
INSERT INTO Sales_Report (user_id, date_generated, new_subscribers, cancellations, revenue_generated, roi) VALUES (6, '2024-07-01', 80, 5, 4000.00, 1.8);
INSERT INTO Sales_Report (user_id, date_generated, new_subscribers, cancellations, revenue_generated, roi) VALUES (6, '2024-07-15', 82, 6, 4100.00, 1.8);
INSERT INTO Sales_Report (user_id, date_generated, new_subscribers, cancellations, revenue_generated, roi) VALUES (6, '2024-07-31', 85, 5, 4300.00, 1.9);
INSERT INTO Sales_Report (user_id, date_generated, new_subscribers, cancellations, revenue_generated, roi) VALUES (6, '2024-08-01', 84, 6, 4200.00, 1.9);
INSERT INTO Sales_Report (user_id, date_generated, new_subscribers, cancellations, revenue_generated, roi) VALUES (6, '2024-08-15', 88, 5, 4400.00, 2.0);
INSERT INTO Sales_Report (user_id, date_generated, new_subscribers, cancellations, revenue_generated, roi) VALUES (6, '2024-08-31', 90, 6, 4500.00, 2.0);
INSERT INTO Sales_Report (user_id, date_generated, new_subscribers, cancellations, revenue_generated, roi) VALUES (6, '2024-09-01', 92, 5, 4600.00, 2.1);
INSERT INTO Sales_Report (user_id, date_generated, new_subscribers, cancellations, revenue_generated, roi) VALUES (6, '2024-09-15', 95, 6, 4800.00, 2.1);
INSERT INTO Sales_Report (user_id, date_generated, new_subscribers, cancellations, revenue_generated, roi) VALUES (6, '2024-09-30', 98, 5, 4900.00, 2.2);
INSERT INTO Sales_Report (user_id, date_generated, new_subscribers, cancellations, revenue_generated, roi) VALUES (6, '2024-10-01', 96, 6, 4800.00, 2.1);
INSERT INTO Sales_Report (user_id, date_generated, new_subscribers, cancellations, revenue_generated, roi) VALUES (6, '2024-10-15', 99, 5, 5000.00, 2.2);
INSERT INTO Sales_Report (user_id, date_generated, new_subscribers, cancellations, revenue_generated, roi) VALUES (6, '2024-10-31', 102, 6, 5100.00, 2.3);
INSERT INTO Sales_Report (user_id, date_generated, new_subscribers, cancellations, revenue_generated, roi) VALUES (6, '2024-11-01', 105, 5, 5300.00, 2.3);
INSERT INTO Sales_Report (user_id, date_generated, new_subscribers, cancellations, revenue_generated, roi) VALUES (6, '2024-11-15', 108, 6, 5400.00, 2.4);
INSERT INTO Sales_Report (user_id, date_generated, new_subscribers, cancellations, revenue_generated, roi) VALUES (6, '2024-11-30', 110, 5, 5500.00, 2.4);
INSERT INTO Sales_Report (user_id, date_generated, new_subscribers, cancellations, revenue_generated, roi) VALUES (6, '2024-12-01', 112, 6, 5600.00, 2.5);
INSERT INTO Sales_Report (user_id, date_generated, new_subscribers, cancellations, revenue_generated, roi) VALUES (6, '2024-12-15', 115, 5, 5800.00, 2.5);
INSERT INTO Sales_Report (user_id, date_generated, new_subscribers, cancellations, revenue_generated, roi) VALUES (6, '2024-12-31', 118, 7, 5900.00, 2.6);
INSERT INTO Sales_Report (user_id, date_generated, new_subscribers, cancellations, revenue_generated, roi) VALUES (6, '2025-01-01', 120, 6, 6000.00, 2.6);
INSERT INTO Sales_Report (user_id, date_generated, new_subscribers, cancellations, revenue_generated, roi) VALUES (6, '2025-01-15', 125, 7, 6300.00, 2.7);
INSERT INTO Sales_Report (user_id, date_generated, new_subscribers, cancellations, revenue_generated, roi) VALUES (6, '2025-01-31', 130, 6, 6500.00, 2.8);
INSERT INTO Sales_Report (user_id, date_generated, new_subscribers, cancellations, revenue_generated, roi) VALUES (6, '2025-02-01', 128, 7, 6400.00, 2.7);
INSERT INTO Sales_Report (user_id, date_generated, new_subscribers, cancellations, revenue_generated, roi) VALUES (6, '2025-02-15', 132, 8, 6600.00, 2.8);
INSERT INTO Sales_Report (user_id, date_generated, new_subscribers, cancellations, revenue_generated, roi) VALUES (6, '2025-02-28', 135, 7, 6800.00, 2.9);
INSERT INTO Sales_Report (user_id, date_generated, new_subscribers, cancellations, revenue_generated, roi) VALUES (6, '2025-09-01', 205, 16, 10300.00, 4.2);
INSERT INTO Sales_Report (user_id, date_generated, new_subscribers, cancellations, revenue_generated, roi) VALUES (6, '2025-09-15', 210, 17, 10500.00, 4.3);
INSERT INTO Sales_Report (user_id, date_generated, new_subscribers, cancellations, revenue_generated, roi) VALUES (6, '2025-09-30', 215, 16, 10800.00, 4.4);
INSERT INTO Sales_Report (user_id, date_generated, new_subscribers, cancellations, revenue_generated, roi) VALUES (6, '2025-10-01', 212, 18, 10600.00, 4.3);
INSERT INTO Sales_Report (user_id, date_generated, new_subscribers, cancellations, revenue_generated, roi) VALUES (6, '2025-10-15', 220, 17, 11000.00, 4.5);
INSERT INTO Sales_Report (user_id, date_generated, new_subscribers, cancellations, revenue_generated, roi) VALUES (6, '2025-10-31', 225, 19, 11300.00, 4.6);
INSERT INTO Sales_Report (user_id, date_generated, new_subscribers, cancellations, revenue_generated, roi) VALUES (6, '2025-11-01', 222, 18, 11100.00, 4.5);
INSERT INTO Sales_Report (user_id, date_generated, new_subscribers, cancellations, revenue_generated, roi) VALUES (6, '2025-11-15', 230, 20, 11500.00, 4.7);
INSERT INTO Sales_Report (user_id, date_generated, new_subscribers, cancellations, revenue_generated, roi) VALUES (6, '2025-11-30', 235, 19, 11800.00, 4.8);
INSERT INTO Sales_Report (user_id, date_generated, new_subscribers, cancellations, revenue_generated, roi) VALUES (6, '2025-12-01', 232, 21, 11600.00, 4.7);
INSERT INTO Sales_Report (user_id, date_generated, new_subscribers, cancellations, revenue_generated, roi) VALUES (6, '2025-12-15', 240, 20, 12000.00, 4.9);
INSERT INTO Sales_Report (user_id, date_generated, new_subscribers, cancellations, revenue_generated, roi) VALUES (6, '2025-12-31', 245, 22, 12300.00, 5.0);
INSERT INTO Sales_Report (user_id, date_generated, new_subscribers, cancellations, revenue_generated, roi) VALUES (6, '2024-03-05', 52, 3, 2600.00, 1.2);
INSERT INTO Sales_Report (user_id, date_generated, new_subscribers, cancellations, revenue_generated, roi) VALUES (6, '2024-03-20', 57, 2, 2900.00, 1.3);
INSERT INTO Sales_Report (user_id, date_generated, new_subscribers, cancellations, revenue_generated, roi) VALUES (6, '2024-04-05', 59, 3, 3000.00, 1.4);
INSERT INTO Sales_Report (user_id, date_generated, new_subscribers, cancellations, revenue_generated, roi) VALUES (6, '2024-04-20', 63, 4, 3200.00, 1.4);
INSERT INTO Sales_Report (user_id, date_generated, new_subscribers, cancellations, revenue_generated, roi) VALUES (6, '2024-05-05', 66, 3, 3300.00, 1.5);
INSERT INTO Sales_Report (user_id, date_generated, new_subscribers, cancellations, revenue_generated, roi) VALUES (6, '2024-05-20', 69, 4, 3500.00, 1.6);
INSERT INTO Sales_Report (user_id, date_generated, new_subscribers, cancellations, revenue_generated, roi) VALUES (6, '2024-06-05', 73, 5, 3700.00, 1.6);
INSERT INTO Sales_Report (user_id, date_generated, new_subscribers, cancellations, revenue_generated, roi) VALUES (6, '2024-06-20', 76, 4, 3800.00, 1.7);
INSERT INTO Sales_Report (user_id, date_generated, new_subscribers, cancellations, revenue_generated, roi) VALUES (6, '2024-07-05', 81, 5, 4100.00, 1.8);
INSERT INTO Sales_Report (user_id, date_generated, new_subscribers, cancellations, revenue_generated, roi) VALUES (6, '2024-07-20', 83, 6, 4200.00, 1.9);
INSERT INTO Sales_Report (user_id, date_generated, new_subscribers, cancellations, revenue_generated, roi) VALUES (6, '2024-08-05', 86, 5, 4300.00, 1.9);
INSERT INTO Sales_Report (user_id, date_generated, new_subscribers, cancellations, revenue_generated, roi) VALUES (6, '2024-08-20', 89, 6, 4500.00, 2.0);
INSERT INTO Sales_Report (user_id, date_generated, new_subscribers, cancellations, revenue_generated, roi) VALUES (6, '2024-09-05', 93, 5, 4700.00, 2.1);
INSERT INTO Sales_Report (user_id, date_generated, new_subscribers, cancellations, revenue_generated, roi) VALUES (6, '2024-09-20', 96, 6, 4800.00, 2.2);
INSERT INTO Sales_Report (user_id, date_generated, new_subscribers, cancellations, revenue_generated, roi) VALUES (6, '2024-10-05', 97, 5, 4900.00, 2.2);
INSERT INTO Sales_Report (user_id, date_generated, new_subscribers, cancellations, revenue_generated, roi) VALUES (6, '2024-10-20', 100, 6, 5000.00, 2.2);
INSERT INTO Sales_Report (user_id, date_generated, new_subscribers, cancellations, revenue_generated, roi) VALUES (6, '2024-11-05', 106, 5, 5300.00, 2.3);
INSERT INTO Sales_Report (user_id, date_generated, new_subscribers, cancellations, revenue_generated, roi) VALUES (6, '2024-11-20', 109, 6, 5500.00, 2.4);
INSERT INTO Sales_Report (user_id, date_generated, new_subscribers, cancellations, revenue_generated, roi) VALUES (6, '2024-12-05', 113, 7, 5700.00, 2.5);
INSERT INTO Sales_Report (user_id, date_generated, new_subscribers, cancellations, revenue_generated, roi) VALUES (6, '2024-12-20', 116, 6, 5800.00, 2.6);
INSERT INTO Sales_Report (user_id, date_generated, new_subscribers, cancellations, revenue_generated, roi) VALUES (6, '2025-01-05', 122, 7, 6100.00, 2.6);
INSERT INTO Sales_Report (user_id, date_generated, new_subscribers, cancellations, revenue_generated, roi) VALUES (6, '2025-01-20', 128, 6, 6400.00, 2.8);
INSERT INTO Sales_Report (user_id, date_generated, new_subscribers, cancellations, revenue_generated, roi) VALUES (6, '2025-02-05', 129, 8, 6450.00, 2.8);
INSERT INTO Sales_Report (user_id, date_generated, new_subscribers, cancellations, revenue_generated, roi) VALUES (6, '2025-02-20', 134, 7, 6700.00, 2.9);
INSERT INTO Sales_Report (user_id, date_generated, new_subscribers, cancellations, revenue_generated, roi) VALUES (6, '2025-03-05', 115, 6, 5750.00, 2.6);
INSERT INTO Sales_Report (user_id, date_generated, new_subscribers, cancellations, revenue_generated, roi) VALUES (6, '2025-03-20', 140, 7, 7000.00, 3.0);
INSERT INTO Sales_Report (user_id, date_generated, new_subscribers, cancellations, revenue_generated, roi) VALUES (6, '2025-04-05', 138, 9, 6900.00, 3.0);
INSERT INTO Sales_Report (user_id, date_generated, new_subscribers, cancellations, revenue_generated, roi) VALUES (6, '2025-04-20', 152, 8, 7600.00, 3.2);
INSERT INTO Sales_Report (user_id, date_generated, new_subscribers, cancellations, revenue_generated, roi) VALUES (6, '2025-05-05', 148, 10, 7400.00, 3.1);
INSERT INTO Sales_Report (user_id, date_generated, new_subscribers, cancellations, revenue_generated, roi) VALUES (6, '2025-05-20', 162, 11, 8100.00, 3.4);
INSERT INTO Sales_Report (user_id, date_generated, new_subscribers, cancellations, revenue_generated, roi) VALUES (6, '2025-06-05', 170, 12, 8500.00, 3.5);
INSERT INTO Sales_Report (user_id, date_generated, new_subscribers, cancellations, revenue_generated, roi) VALUES (6, '2025-06-20', 178, 11, 8900.00, 3.6);
INSERT INTO Sales_Report (user_id, date_generated, new_subscribers, cancellations, revenue_generated, roi) VALUES (6, '2025-07-05', 182, 13, 9100.00, 3.7);
INSERT INTO Sales_Report (user_id, date_generated, new_subscribers, cancellations, revenue_generated, roi) VALUES (6, '2025-07-20', 188, 14, 9400.00, 3.8);
INSERT INTO Sales_Report (user_id, date_generated, new_subscribers, cancellations, revenue_generated, roi) VALUES (6, '2025-08-05', 191, 15, 9550.00, 3.9);
INSERT INTO Sales_Report (user_id, date_generated, new_subscribers, cancellations, revenue_generated, roi) VALUES (6, '2025-08-20', 197, 14, 9850.00, 4.0);
INSERT INTO Sales_Report (user_id, date_generated, new_subscribers, cancellations, revenue_generated, roi) VALUES (6, '2025-09-05', 208, 16, 10400.00, 4.2);
INSERT INTO Sales_Report (user_id, date_generated, new_subscribers, cancellations, revenue_generated, roi) VALUES (6, '2025-09-20', 213, 15, 10650.00, 4.3);
INSERT INTO Sales_Report (user_id, date_generated, new_subscribers, cancellations, revenue_generated, roi) VALUES (6, '2025-10-05', 217, 17, 10850.00, 4.4);
INSERT INTO Sales_Report (user_id, date_generated, new_subscribers, cancellations, revenue_generated, roi) VALUES (6, '2025-10-20', 223, 16, 11150.00, 4.5);
INSERT INTO Sales_Report (user_id, date_generated, new_subscribers, cancellations, revenue_generated, roi) VALUES (6, '2025-11-05', 227, 19, 11350.00, 4.6);
INSERT INTO Sales_Report (user_id, date_generated, new_subscribers, cancellations, revenue_generated, roi) VALUES (6, '2025-11-20', 233, 18, 11650.00, 4.7);
INSERT INTO Sales_Report (user_id, date_generated, new_subscribers, cancellations, revenue_generated, roi) VALUES (6, '2025-12-05', 238, 20, 11900.00, 4.8);
INSERT INTO Sales_Report (user_id, date_generated, new_subscribers, cancellations, revenue_generated, roi) VALUES (6, '2025-12-20', 243, 19, 12150.00, 4.9);
INSERT INTO Sales_Report (user_id, date_generated, new_subscribers, cancellations, revenue_generated, roi) VALUES (6, '2025-03-10', 110, 5, 5500.00, 2.5);
INSERT INTO Sales_Report (user_id, date_generated, new_subscribers, cancellations, revenue_generated, roi) VALUES (6, '2025-03-25', 130, 7, 6500.00, 2.8);
INSERT INTO Sales_Report (user_id, date_generated, new_subscribers, cancellations, revenue_generated, roi) VALUES (6, '2025-04-10', 135, 8, 6750.00, 2.9);
INSERT INTO Sales_Report (user_id, date_generated, new_subscribers, cancellations, revenue_generated, roi) VALUES (6, '2025-04-25', 155, 9, 7750.00, 3.3);
INSERT INTO Sales_Report (user_id, date_generated, new_subscribers, cancellations, revenue_generated, roi) VALUES (6, '2025-05-10', 150, 10, 7500.00, 3.2);
INSERT INTO Sales_Report (user_id, date_generated, new_subscribers, cancellations, revenue_generated, roi) VALUES (6, '2025-05-25', 165, 11, 8250.00, 3.5);
INSERT INTO Sales_Report (user_id, date_generated, new_subscribers, cancellations, revenue_generated, roi) VALUES (6, '2025-06-10', 172, 12, 8600.00, 3.5);
INSERT INTO Sales_Report (user_id, date_generated, new_subscribers, cancellations, revenue_generated, roi) VALUES (6, '2025-06-25', 182, 13, 9100.00, 3.7);


-- 125 INSERT statements for the Marketing_Channels table
INSERT INTO Marketing_Channels (channel_name, user_id, budget, conversions, date) VALUES ('Google Ads', 6, 5000.00, 120, '2025-03-01');
INSERT INTO Marketing_Channels (channel_name, user_id, budget, conversions, date) VALUES ('Facebook Ads', 6, 3000.00, 80, '2025-03-02');
INSERT INTO Marketing_Channels (channel_name, user_id, budget, conversions, date) VALUES ('Instagram Ads', 6, 4000.00, 95, '2025-03-03');
INSERT INTO Marketing_Channels (channel_name, user_id, budget, conversions, date) VALUES ('YouTube Ads', 6, 3500.00, 85, '2025-03-04');
INSERT INTO Marketing_Channels (channel_name, user_id, budget, conversions, date) VALUES ('LinkedIn Ads', 6, 2800.00, 65, '2025-03-05');
INSERT INTO Marketing_Channels (channel_name, user_id, budget, conversions, date) VALUES ('Twitter Ads', 6, 2000.00, 50, '2025-03-06');
INSERT INTO Marketing_Channels (channel_name, user_id, budget, conversions, date) VALUES ('TikTok Ads', 6, 3200.00, 78, '2025-03-07');
INSERT INTO Marketing_Channels (channel_name, user_id, budget, conversions, date) VALUES ('Pinterest Ads', 6, 1800.00, 42, '2025-03-08');
INSERT INTO Marketing_Channels (channel_name, user_id, budget, conversions, date) VALUES ('Snapchat Ads', 6, 2200.00, 55, '2025-03-09');
INSERT INTO Marketing_Channels (channel_name, user_id, budget, conversions, date) VALUES ('Reddit Ads', 6, 1500.00, 38, '2025-03-10');
INSERT INTO Marketing_Channels (channel_name, user_id, budget, conversions, date) VALUES ('Bing Ads', 6, 2000.00, 45, '2025-03-11');
INSERT INTO Marketing_Channels (channel_name, user_id, budget, conversions, date) VALUES ('Yahoo Ads', 6, 1000.00, 25, '2025-03-12');
INSERT INTO Marketing_Channels (channel_name, user_id, budget, conversions, date) VALUES ('DuckDuckGo Ads', 6, 800.00, 18, '2025-03-13');
INSERT INTO Marketing_Channels (channel_name, user_id, budget, conversions, date) VALUES ('Yandex Ads', 6, 600.00, 12, '2025-03-14');
INSERT INTO Marketing_Channels (channel_name, user_id, budget, conversions, date) VALUES ('Baidu Ads', 6, 1200.00, 28, '2025-03-15');
INSERT INTO Marketing_Channels (channel_name, user_id, budget, conversions, date) VALUES ('Email Newsletter', 6, 1800.00, 110, '2025-03-16');
INSERT INTO Marketing_Channels (channel_name, user_id, budget, conversions, date) VALUES ('Email Drip Campaign', 6, 1500.00, 95, '2025-03-17');
INSERT INTO Marketing_Channels (channel_name, user_id, budget, conversions, date) VALUES ('Abandoned Cart Emails', 6, 900.00, 75, '2025-03-18');
INSERT INTO Marketing_Channels (channel_name, user_id, budget, conversions, date) VALUES ('Welcome Series Emails', 6, 800.00, 60, '2025-03-19');
INSERT INTO Marketing_Channels (channel_name, user_id, budget, conversions, date) VALUES ('Re-engagement Emails', 6, 1200.00, 45, '2025-03-20');
INSERT INTO Marketing_Channels (channel_name, user_id, budget, conversions, date) VALUES ('Blog Content', 6, 2500.00, 70, '2025-03-21');
INSERT INTO Marketing_Channels (channel_name, user_id, budget, conversions, date) VALUES ('Guest Posting', 6, 1800.00, 40, '2025-03-22');
INSERT INTO Marketing_Channels (channel_name, user_id, budget, conversions, date) VALUES ('Infographics', 6, 1200.00, 30, '2025-03-23');
INSERT INTO Marketing_Channels (channel_name, user_id, budget, conversions, date) VALUES ('Case Studies', 6, 1500.00, 45, '2025-03-24');
INSERT INTO Marketing_Channels (channel_name, user_id, budget, conversions, date) VALUES ('Webinars', 6, 2800.00, 85, '2025-03-25');
INSERT INTO Marketing_Channels (channel_name, user_id, budget, conversions, date) VALUES ('Podcasts', 6, 2200.00, 55, '2025-03-26');
INSERT INTO Marketing_Channels (channel_name, user_id, budget, conversions, date) VALUES ('Whitepapers', 6, 1800.00, 38, '2025-03-27');
INSERT INTO Marketing_Channels (channel_name, user_id, budget, conversions, date) VALUES ('Ebooks', 6, 2000.00, 50, '2025-03-28');
INSERT INTO Marketing_Channels (channel_name, user_id, budget, conversions, date) VALUES ('Video Tutorials', 6, 3000.00, 75, '2025-03-29');
INSERT INTO Marketing_Channels (channel_name, user_id, budget, conversions, date) VALUES ('Affiliate Program', 6, 3500.00, 95, '2025-03-30');
INSERT INTO Marketing_Channels (channel_name, user_id, budget, conversions, date) VALUES ('Influencer Partnerships', 6, 4000.00, 110, '2025-03-31');
INSERT INTO Marketing_Channels (channel_name, user_id, budget, conversions, date) VALUES ('Brand Ambassadors', 6, 3200.00, 85, '2025-04-01');
INSERT INTO Marketing_Channels (channel_name, user_id, budget, conversions, date) VALUES ('Referral Program', 6, 2500.00, 120, '2025-04-02');
INSERT INTO Marketing_Channels (channel_name, user_id, budget, conversions, date) VALUES ('Partner Co-marketing', 6, 3000.00, 80, '2025-04-03');
INSERT INTO Marketing_Channels (channel_name, user_id, budget, conversions, date) VALUES ('Mobile App Ads', 6, 3800.00, 95, '2025-04-04');
INSERT INTO Marketing_Channels (channel_name, user_id, budget, conversions, date) VALUES ('In-App Advertising', 6, 3200.00, 85, '2025-04-05');
INSERT INTO Marketing_Channels (channel_name, user_id, budget, conversions, date) VALUES ('Push Notifications', 6, 1500.00, 65, '2025-04-06');
INSERT INTO Marketing_Channels (channel_name, user_id, budget, conversions, date) VALUES ('SMS Marketing', 6, 1800.00, 70, '2025-04-07');
INSERT INTO Marketing_Channels (channel_name, user_id, budget, conversions, date) VALUES ('QR Code Campaigns', 6, 1200.00, 40, '2025-04-08');
INSERT INTO Marketing_Channels (channel_name, user_id, budget, conversions, date) VALUES ('TV Commercials', 6, 10000.00, 150, '2025-04-09');
INSERT INTO Marketing_Channels (channel_name, user_id, budget, conversions, date) VALUES ('Radio Ads', 6, 5000.00, 90, '2025-04-10');
INSERT INTO Marketing_Channels (channel_name, user_id, budget, conversions, date) VALUES ('Print Advertising', 6, 4000.00, 75, '2025-04-11');
INSERT INTO Marketing_Channels (channel_name, user_id, budget, conversions, date) VALUES ('Billboard Advertising', 6, 8000.00, 100, '2025-04-12');
INSERT INTO Marketing_Channels (channel_name, user_id, budget, conversions, date) VALUES ('Direct Mail', 6, 6000.00, 110, '2025-04-13');
INSERT INTO Marketing_Channels (channel_name, user_id, budget, conversions, date) VALUES ('Telemarketing', 6, 4500.00, 85, '2025-04-14');
INSERT INTO Marketing_Channels (channel_name, user_id, budget, conversions, date) VALUES ('Trade Shows', 6, 7500.00, 120, '2025-04-15');
INSERT INTO Marketing_Channels (channel_name, user_id, budget, conversions, date) VALUES ('Sponsorships', 6, 9000.00, 105, '2025-04-16');
INSERT INTO Marketing_Channels (channel_name, user_id, budget, conversions, date) VALUES ('Local SEO', 6, 2500.00, 80, '2025-04-17');
INSERT INTO Marketing_Channels (channel_name, user_id, budget, conversions, date) VALUES ('Google My Business', 6, 1200.00, 65, '2025-04-18');
INSERT INTO Marketing_Channels (channel_name, user_id, budget, conversions, date) VALUES ('Yelp Advertising', 6, 1800.00, 55, '2025-04-19');
INSERT INTO Marketing_Channels (channel_name, user_id, budget, conversions, date) VALUES ('Local Events', 6, 3500.00, 90, '2025-04-20');
INSERT INTO Marketing_Channels (channel_name, user_id, budget, conversions, date) VALUES ('Community Sponsorships', 6, 2800.00, 70, '2025-04-21');
INSERT INTO Marketing_Channels (channel_name, user_id, budget, conversions, date) VALUES ('Display Network', 6, 4200.00, 95, '2025-04-22');
INSERT INTO Marketing_Channels (channel_name, user_id, budget, conversions, date) VALUES ('Retargeting Campaigns', 6, 3500.00, 120, '2025-04-23');
INSERT INTO Marketing_Channels (channel_name, user_id, budget, conversions, date) VALUES ('Demand-Side Platform', 6, 5000.00, 110, '2025-04-24');
INSERT INTO Marketing_Channels (channel_name, user_id, budget, conversions, date) VALUES ('Private Marketplace Deals', 6, 6000.00, 100, '2025-04-25');
INSERT INTO Marketing_Channels (channel_name, user_id, budget, conversions, date) VALUES ('Header Bidding', 6, 4800.00, 85, '2025-04-26');
INSERT INTO Marketing_Channels (channel_name, user_id, budget, conversions, date) VALUES ('YouTube Channel', 6, 3800.00, 95, '2025-04-27');
INSERT INTO Marketing_Channels (channel_name, user_id, budget, conversions, date) VALUES ('Vimeo Ads', 6, 2500.00, 65, '2025-04-28');
INSERT INTO Marketing_Channels (channel_name, user_id, budget, conversions, date) VALUES ('Pre-roll Video Ads', 6, 3200.00, 80, '2025-04-29');
INSERT INTO Marketing_Channels (channel_name, user_id, budget, conversions, date) VALUES ('Mid-roll Video Ads', 6, 2800.00, 70, '2025-04-30');
INSERT INTO Marketing_Channels (channel_name, user_id, budget, conversions, date) VALUES ('Post-roll Video Ads', 6, 2200.00, 55, '2025-05-01');
INSERT INTO Marketing_Channels (channel_name, user_id, budget, conversions, date) VALUES ('OTT Advertising', 6, 4500.00, 90, '2025-05-02');
INSERT INTO Marketing_Channels (channel_name, user_id, budget, conversions, date) VALUES ('Connected TV Ads', 6, 5000.00, 95, '2025-05-03');
INSERT INTO Marketing_Channels (channel_name, user_id, budget, conversions, date) VALUES ('LinkedIn Lead Gen', 6, 4200.00, 85, '2025-05-04');
INSERT INTO Marketing_Channels (channel_name, user_id, budget, conversions, date) VALUES ('Account-Based Marketing', 6, 5500.00, 95, '2025-05-05');
INSERT INTO Marketing_Channels (channel_name, user_id, budget, conversions, date) VALUES ('Industry Conferences', 6, 8000.00, 110, '2025-05-06');
INSERT INTO Marketing_Channels (channel_name, user_id, budget, conversions, date) VALUES ('B2B Email Campaigns', 6, 3500.00, 80, '2025-05-07');
INSERT INTO Marketing_Channels (channel_name, user_id, budget, conversions, date) VALUES ('B2B Content Syndication', 6, 4000.00, 70, '2025-05-08');
INSERT INTO Marketing_Channels (channel_name, user_id, budget, conversions, date) VALUES ('Amazon Advertising', 6, 6000.00, 150, '2025-05-09');
INSERT INTO Marketing_Channels (channel_name, user_id, budget, conversions, date) VALUES ('eBay Promoted Listings', 6, 3500.00, 90, '2025-05-10');
INSERT INTO Marketing_Channels (channel_name, user_id, budget, conversions, date) VALUES ('Shopify Marketing', 6, 4200.00, 105, '2025-05-11');
INSERT INTO Marketing_Channels (channel_name, user_id, budget, conversions, date) VALUES ('Product Listing Ads', 6, 5000.00, 125, '2025-05-12');
INSERT INTO Marketing_Channels (channel_name, user_id, budget, conversions, date) VALUES ('Shopping Campaigns', 6, 5800.00, 140, '2025-05-13');
INSERT INTO Marketing_Channels (channel_name, user_id, budget, conversions, date) VALUES ('Comparison Shopping Engines', 6, 3200.00, 85, '2025-05-14');
INSERT INTO Marketing_Channels (channel_name, user_id, budget, conversions, date) VALUES ('Taboola', 6, 3500.00, 80, '2025-05-15');
INSERT INTO Marketing_Channels (channel_name, user_id, budget, conversions, date) VALUES ('Outbrain', 6, 3200.00, 75, '2025-05-16');
INSERT INTO Marketing_Channels (channel_name, user_id, budget, conversions, date) VALUES ('Sponsored Content', 6, 3800.00, 90, '2025-05-17');
INSERT INTO Marketing_Channels (channel_name, user_id, budget, conversions, date) VALUES ('In-feed Ads', 6, 2800.00, 65, '2025-05-18');
INSERT INTO Marketing_Channels (channel_name, user_id, budget, conversions, date) VALUES ('Editorial Partnerships', 6, 4500.00, 85, '2025-05-19');
INSERT INTO Marketing_Channels (channel_name, user_id, budget, conversions, date) VALUES ('App Store Optimization', 6, 3200.00, 95, '2025-05-20');
INSERT INTO Marketing_Channels (channel_name, user_id, budget, conversions, date) VALUES ('Apple Search Ads', 6, 4000.00, 110, '2025-05-21');
INSERT INTO Marketing_Channels (channel_name, user_id, budget, conversions, date) VALUES ('Google Play Store Ads', 6, 3800.00, 105, '2025-05-22');
INSERT INTO Marketing_Channels (channel_name, user_id, budget, conversions, date) VALUES ('App Install Campaigns', 6, 4500.00, 120, '2025-05-23');
INSERT INTO Marketing_Channels (channel_name, user_id, budget, conversions, date) VALUES ('App Engagement Campaigns', 6, 3500.00, 90, '2025-05-24');
INSERT INTO Marketing_Channels (channel_name, user_id, budget, conversions, date) VALUES ('Display Remarketing', 6, 3200.00, 95, '2025-05-25');
INSERT INTO Marketing_Channels (channel_name, user_id, budget, conversions, date) VALUES ('Social Media Remarketing', 6, 2800.00, 85, '2025-05-26');
INSERT INTO Marketing_Channels (channel_name, user_id, budget, conversions, date) VALUES ('Email Remarketing', 6, 2000.00, 75, '2025-05-27');
INSERT INTO Marketing_Channels (channel_name, user_id, budget, conversions, date) VALUES ('Search Remarketing', 6, 2500.00, 80, '2025-05-28');
INSERT INTO Marketing_Channels (channel_name, user_id, budget, conversions, date) VALUES ('YouTube Remarketing', 6, 2200.00, 70, '2025-05-29');
INSERT INTO Marketing_Channels (channel_name, user_id, budget, conversions, date) VALUES ('Podcast Advertising', 6, 3500.00, 75, '2025-05-30');
INSERT INTO Marketing_Channels (channel_name, user_id, budget, conversions, date) VALUES ('Voice Search Optimization', 6, 2800.00, 60, '2025-05-31');
INSERT INTO Marketing_Channels (channel_name, user_id, budget, conversions, date) VALUES ('Smart Speaker Ads', 6, 2200.00, 45, '2025-06-01');
INSERT INTO Marketing_Channels (channel_name, user_id, budget, conversions, date) VALUES ('Spotify Ads', 6, 3000.00, 70, '2025-06-02');
INSERT INTO Marketing_Channels (channel_name, user_id, budget, conversions, date) VALUES ('Pandora Ads', 6, 2500.00, 55, '2025-06-03');
INSERT INTO Marketing_Channels (channel_name, user_id, budget, conversions, date) VALUES ('International SEO', 6, 4500.00, 85, '2025-06-04');
INSERT INTO Marketing_Channels (channel_name, user_id, budget, conversions, date) VALUES ('Global PPC', 6, 5000.00, 95, '2025-06-05');
INSERT INTO Marketing_Channels (channel_name, user_id, budget, conversions, date) VALUES ('Localized Content', 6, 3800.00, 75, '2025-06-06');
INSERT INTO Marketing_Channels (channel_name, user_id, budget, conversions, date) VALUES ('Translation Services', 6, 2500.00, 50, '2025-06-07');
INSERT INTO Marketing_Channels (channel_name, user_id, budget, conversions, date) VALUES ('International Influencers', 6, 4200.00, 85, '2025-06-08');
INSERT INTO Marketing_Channels (channel_name, user_id, budget, conversions, date) VALUES ('Organic Facebook', 6, 1800.00, 65, '2025-06-09');
INSERT INTO Marketing_Channels (channel_name, user_id, budget, conversions, date) VALUES ('Organic Instagram', 6, 2000.00, 70, '2025-06-10');
INSERT INTO Marketing_Channels (channel_name, user_id, budget, conversions, date) VALUES ('Organic Twitter', 6, 1500.00, 50, '2025-06-11');
INSERT INTO Marketing_Channels (channel_name, user_id, budget, conversions, date) VALUES ('Organic LinkedIn', 6, 1700.00, 55, '2025-06-12');
INSERT INTO Marketing_Channels (channel_name, user_id, budget, conversions, date) VALUES ('Organic Pinterest', 6, 1200.00, 40, '2025-06-13');
INSERT INTO Marketing_Channels (channel_name, user_id, budget, conversions, date) VALUES ('Organic TikTok', 6, 1600.00, 60, '2025-06-14');
INSERT INTO Marketing_Channels (channel_name, user_id, budget, conversions, date) VALUES ('Organic YouTube', 6, 2200.00, 75, '2025-06-15');
INSERT INTO Marketing_Channels (channel_name, user_id, budget, conversions, date) VALUES ('Loyalty Program', 6, 3500.00, 150, '2025-06-16');
INSERT INTO Marketing_Channels (channel_name, user_id, budget, conversions, date) VALUES ('VIP Customer Marketing', 6, 2800.00, 100, '2025-06-17');
INSERT INTO Marketing_Channels (channel_name, user_id, budget, conversions, date) VALUES ('Rewards Program', 6, 3200.00, 130, '2025-06-18');
INSERT INTO Marketing_Channels (channel_name, user_id, budget, conversions, date) VALUES ('Customer Retention Campaigns', 6, 2500.00, 95, '2025-06-19');
INSERT INTO Marketing_Channels (channel_name, user_id, budget, conversions, date) VALUES ('Win-back Campaigns', 6, 2200.00, 75, '2025-06-20');
INSERT INTO Marketing_Channels (channel_name, user_id, budget, conversions, date) VALUES ('AR/VR Marketing', 6, 5000.00, 65, '2025-06-21');
INSERT INTO Marketing_Channels (channel_name, user_id, budget, conversions, date) VALUES ('Chatbot Marketing', 6, 2800.00, 75, '2025-06-22');
INSERT INTO Marketing_Channels (channel_name, user_id, budget, conversions, date) VALUES ('Live Streaming', 6, 3500.00, 90, '2025-06-23');
INSERT INTO Marketing_Channels (channel_name, user_id, budget, conversions, date) VALUES ('Metaverse Marketing', 6, 4500.00, 55, '2025-06-24');
INSERT INTO Marketing_Channels (channel_name, user_id, budget, conversions, date) VALUES ('NFT Campaigns', 6, 3800.00, 40, '2025-06-25');
INSERT INTO Marketing_Channels (channel_name, user_id, budget, conversions, date) VALUES ('Interactive Content', 6, 3200.00, 85, '2025-06-26');
INSERT INTO Marketing_Channels (channel_name, user_id, budget, conversions, date) VALUES ('Cause Marketing', 6, 3500.00, 95, '2025-06-27');
INSERT INTO Marketing_Channels (channel_name, user_id, budget, conversions, date) VALUES ('Green Marketing', 6, 2800.00, 80, '2025-06-28');
INSERT INTO Marketing_Channels (channel_name, user_id, budget, conversions, date) VALUES ('Seasonal Campaigns', 6, 4000.00, 110, '2025-06-29');
INSERT INTO Marketing_Channels (channel_name, user_id, budget, conversions, date) VALUES ('Experiential Marketing', 6, 5500.00, 100, '2025-06-30');
INSERT INTO Marketing_Channels (channel_name, user_id, budget, conversions, date) VALUES ('Guerrilla Marketing', 6, 3200.00, 75, '2025-07-01');

-- 125 INSERT statements for the User_Marketing table
INSERT INTO User_Marketing (user_id, channel_id) VALUES (1, 1);
INSERT INTO User_Marketing (user_id, channel_id) VALUES (2, 2);
INSERT INTO User_Marketing (user_id, channel_id) VALUES (3, 3);
INSERT INTO User_Marketing (user_id, channel_id) VALUES (4, 4);
INSERT INTO User_Marketing (user_id, channel_id) VALUES (5, 5);
INSERT INTO User_Marketing (user_id, channel_id) VALUES (6, 6);
INSERT INTO User_Marketing (user_id, channel_id) VALUES (7, 7);
INSERT INTO User_Marketing (user_id, channel_id) VALUES (8, 8);
INSERT INTO User_Marketing (user_id, channel_id) VALUES (9, 9);
INSERT INTO User_Marketing (user_id, channel_id) VALUES (10, 10);
INSERT INTO User_Marketing (user_id, channel_id) VALUES (11, 11);
INSERT INTO User_Marketing (user_id, channel_id) VALUES (12, 12);
INSERT INTO User_Marketing (user_id, channel_id) VALUES (13, 13);
INSERT INTO User_Marketing (user_id, channel_id) VALUES (14, 14);
INSERT INTO User_Marketing (user_id, channel_id) VALUES (15, 15);
INSERT INTO User_Marketing (user_id, channel_id) VALUES (16, 16);
INSERT INTO User_Marketing (user_id, channel_id) VALUES (17, 17);
INSERT INTO User_Marketing (user_id, channel_id) VALUES (18, 18);
INSERT INTO User_Marketing (user_id, channel_id) VALUES (19, 19);
INSERT INTO User_Marketing (user_id, channel_id) VALUES (20, 20);
INSERT INTO User_Marketing (user_id, channel_id) VALUES (21, 21);
INSERT INTO User_Marketing (user_id, channel_id) VALUES (22, 22);
INSERT INTO User_Marketing (user_id, channel_id) VALUES (23, 23);
INSERT INTO User_Marketing (user_id, channel_id) VALUES (24, 24);
INSERT INTO User_Marketing (user_id, channel_id) VALUES (25, 25);
INSERT INTO User_Marketing (user_id, channel_id) VALUES (26, 26);
INSERT INTO User_Marketing (user_id, channel_id) VALUES (27, 27);
INSERT INTO User_Marketing (user_id, channel_id) VALUES (28, 28);
INSERT INTO User_Marketing (user_id, channel_id) VALUES (29, 29);
INSERT INTO User_Marketing (user_id, channel_id) VALUES (30, 30);
INSERT INTO User_Marketing (user_id, channel_id) VALUES (31, 31);
INSERT INTO User_Marketing (user_id, channel_id) VALUES (32, 32);
INSERT INTO User_Marketing (user_id, channel_id) VALUES (33, 33);
INSERT INTO User_Marketing (user_id, channel_id) VALUES (34, 34);
INSERT INTO User_Marketing (user_id, channel_id) VALUES (35, 35);
INSERT INTO User_Marketing (user_id, channel_id) VALUES (36, 36);
INSERT INTO User_Marketing (user_id, channel_id) VALUES (37, 37);
INSERT INTO User_Marketing (user_id, channel_id) VALUES (38, 38);
INSERT INTO User_Marketing (user_id, channel_id) VALUES (39, 39);
INSERT INTO User_Marketing (user_id, channel_id) VALUES (40, 40);
INSERT INTO User_Marketing (user_id, channel_id) VALUES (41, 41);
INSERT INTO User_Marketing (user_id, channel_id) VALUES (42, 42);
INSERT INTO User_Marketing (user_id, channel_id) VALUES (43, 43);
INSERT INTO User_Marketing (user_id, channel_id) VALUES (44, 44);
INSERT INTO User_Marketing (user_id, channel_id) VALUES (45, 45);
INSERT INTO User_Marketing (user_id, channel_id) VALUES (46, 46);
INSERT INTO User_Marketing (user_id, channel_id) VALUES (47, 47);
INSERT INTO User_Marketing (user_id, channel_id) VALUES (48, 48);
INSERT INTO User_Marketing (user_id, channel_id) VALUES (49, 49);
INSERT INTO User_Marketing (user_id, channel_id) VALUES (50, 50);
INSERT INTO User_Marketing (user_id, channel_id) VALUES (51, 51);
INSERT INTO User_Marketing (user_id, channel_id) VALUES (52, 52);
INSERT INTO User_Marketing (user_id, channel_id) VALUES (53, 53);
INSERT INTO User_Marketing (user_id, channel_id) VALUES (54, 54);
INSERT INTO User_Marketing (user_id, channel_id) VALUES (55, 55);
INSERT INTO User_Marketing (user_id, channel_id) VALUES (56, 56);
INSERT INTO User_Marketing (user_id, channel_id) VALUES (57, 57);
INSERT INTO User_Marketing (user_id, channel_id) VALUES (58, 58);
INSERT INTO User_Marketing (user_id, channel_id) VALUES (59, 59);
INSERT INTO User_Marketing (user_id, channel_id) VALUES (60, 60);
INSERT INTO User_Marketing (user_id, channel_id) VALUES (61, 61);
INSERT INTO User_Marketing (user_id, channel_id) VALUES (62, 62);
INSERT INTO User_Marketing (user_id, channel_id) VALUES (63, 63);
INSERT INTO User_Marketing (user_id, channel_id) VALUES (64, 64);
INSERT INTO User_Marketing (user_id, channel_id) VALUES (65, 65);
INSERT INTO User_Marketing (user_id, channel_id) VALUES (66, 66);
INSERT INTO User_Marketing (user_id, channel_id) VALUES (67, 67);
INSERT INTO User_Marketing (user_id, channel_id) VALUES (68, 68);
INSERT INTO User_Marketing (user_id, channel_id) VALUES (69, 69);
INSERT INTO User_Marketing (user_id, channel_id) VALUES (70, 70);
INSERT INTO User_Marketing (user_id, channel_id) VALUES (71, 71);
INSERT INTO User_Marketing (user_id, channel_id) VALUES (72, 72);
INSERT INTO User_Marketing (user_id, channel_id) VALUES (73, 73);
INSERT INTO User_Marketing (user_id, channel_id) VALUES (74, 74);
INSERT INTO User_Marketing (user_id, channel_id) VALUES (75, 75);
INSERT INTO User_Marketing (user_id, channel_id) VALUES (76, 76);
INSERT INTO User_Marketing (user_id, channel_id) VALUES (77, 77);
INSERT INTO User_Marketing (user_id, channel_id) VALUES (78, 78);
INSERT INTO User_Marketing (user_id, channel_id) VALUES (79, 79);
INSERT INTO User_Marketing (user_id, channel_id) VALUES (80, 80);
INSERT INTO User_Marketing (user_id, channel_id) VALUES (81, 81);
INSERT INTO User_Marketing (user_id, channel_id) VALUES (82, 82);
INSERT INTO User_Marketing (user_id, channel_id) VALUES (83, 83);
INSERT INTO User_Marketing (user_id, channel_id) VALUES (84, 84);
INSERT INTO User_Marketing (user_id, channel_id) VALUES (85, 85);
INSERT INTO User_Marketing (user_id, channel_id) VALUES (86, 86);
INSERT INTO User_Marketing (user_id, channel_id) VALUES (87, 87);
INSERT INTO User_Marketing (user_id, channel_id) VALUES (88, 88);
INSERT INTO User_Marketing (user_id, channel_id) VALUES (89, 89);
INSERT INTO User_Marketing (user_id, channel_id) VALUES (90, 90);
INSERT INTO User_Marketing (user_id, channel_id) VALUES (91, 91);
INSERT INTO User_Marketing (user_id, channel_id) VALUES (92, 92);
INSERT INTO User_Marketing (user_id, channel_id) VALUES (93, 93);
INSERT INTO User_Marketing (user_id, channel_id) VALUES (94, 94);
INSERT INTO User_Marketing (user_id, channel_id) VALUES (95, 95);
INSERT INTO User_Marketing (user_id, channel_id) VALUES (96, 96);
INSERT INTO User_Marketing (user_id, channel_id) VALUES (97, 97);
INSERT INTO User_Marketing (user_id, channel_id) VALUES (98, 98);
INSERT INTO User_Marketing (user_id, channel_id) VALUES (99, 99);
INSERT INTO User_Marketing (user_id, channel_id) VALUES (100, 100);
INSERT INTO User_Marketing (user_id, channel_id) VALUES (101, 101);
INSERT INTO User_Marketing (user_id, channel_id) VALUES (102, 102);
INSERT INTO User_Marketing (user_id, channel_id) VALUES (103, 103);
INSERT INTO User_Marketing (user_id, channel_id) VALUES (104, 104);
INSERT INTO User_Marketing (user_id, channel_id) VALUES (105, 105);
INSERT INTO User_Marketing (user_id, channel_id) VALUES (106, 106);
INSERT INTO User_Marketing (user_id, channel_id) VALUES (107, 107);
INSERT INTO User_Marketing (user_id, channel_id) VALUES (108, 108);
INSERT INTO User_Marketing (user_id, channel_id) VALUES (109, 109);
INSERT INTO User_Marketing (user_id, channel_id) VALUES (110, 110);
INSERT INTO User_Marketing (user_id, channel_id) VALUES (111, 111);
INSERT INTO User_Marketing (user_id, channel_id) VALUES (112, 112);
INSERT INTO User_Marketing (user_id, channel_id) VALUES (113, 113);
INSERT INTO User_Marketing (user_id, channel_id) VALUES (114, 114);
INSERT INTO User_Marketing (user_id, channel_id) VALUES (115, 115);
INSERT INTO User_Marketing (user_id, channel_id) VALUES (116, 116);
INSERT INTO User_Marketing (user_id, channel_id) VALUES (117, 117);
INSERT INTO User_Marketing (user_id, channel_id) VALUES (118, 118);
INSERT INTO User_Marketing (user_id, channel_id) VALUES (119, 119);
INSERT INTO User_Marketing (user_id, channel_id) VALUES (120, 120);
INSERT INTO User_Marketing (user_id, channel_id) VALUES (121, 121);
INSERT INTO User_Marketing (user_id, channel_id) VALUES (122, 122);
INSERT INTO User_Marketing (user_id, channel_id) VALUES (123, 123);
INSERT INTO User_Marketing (user_id, channel_id) VALUES (124, 124);
INSERT INTO User_Marketing (user_id, channel_id) VALUES (125, 125);